"annotation_id","annotator","choice","created_at","id","image","lead_time","updated_at"
1,"1","streetwear","2025-07-13T14:06:47.817786Z",1,"/data/upload/2/8c0dddfa-streetwear_706.jpg",6.106,"2025-07-13T14:24:14.261162Z"
2,"1","streetwear","2025-07-13T14:06:52.413641Z",2,"/data/upload/2/9c61426e-streetwear_705.jpg",17.992,"2025-07-13T14:24:19.881258Z"
3,"1","casual","2025-07-13T14:07:02.105802Z",3,"/data/upload/2/e4442caf-streetwear_701.jpg",2.541,"2025-07-13T14:07:02.105841Z"
4,"1","casual","2025-07-13T14:07:06.161496Z",4,"/data/upload/2/0096a173-streetwear_699.jpg",3.06,"2025-07-13T14:07:06.161533Z"
5,"1","vintage","2025-07-13T14:07:10.580991Z",5,"/data/upload/2/109daa13-streetwear_698.jpg",13.651,"2025-07-13T14:24:39.311053Z"
6,"1","streetwear","2025-07-13T14:07:14.146818Z",6,"/data/upload/2/28c054c5-streetwear_692.jpg",5.739,"2025-07-13T14:24:46.822028Z"
7,"1","formal","2025-07-13T14:07:18.216259Z",7,"/data/upload/2/77d60da1-streetwear_690.jpg",3.046,"2025-07-13T14:07:18.216287Z"
8,"1","sporty","2025-07-13T14:07:22.111737Z",8,"/data/upload/2/cc6d2a3b-streetwear_688.jpg",2.909,"2025-07-13T14:07:22.111771Z"
9,"1","streetwear","2025-07-13T14:07:25.714461Z",9,"/data/upload/2/4d7cbb51-streetwear_687.jpg",5.146,"2025-07-13T14:27:20.905600Z"
10,"1","casual","2025-07-13T14:07:29.226608Z",10,"/data/upload/2/b0ee19dc-streetwear_686.jpg",4.97,"2025-07-13T14:27:27.844912Z"
11,"1","streetwear","2025-07-13T14:07:32.966532Z",11,"/data/upload/2/fc012793-streetwear_684.jpg",4.772,"2025-07-13T14:27:33.420722Z"
12,"1","streetwear","2025-07-13T14:07:38.706118Z",12,"/data/upload/2/fcb0566d-streetwear_679.jpg",6.601999999999999,"2025-07-13T14:26:18.181881Z"
13,"1","casual","2025-07-13T14:07:42.788104Z",13,"/data/upload/2/da003755-streetwear_677.jpg",7.41,"2025-07-13T14:27:45.573195Z"
14,"1","vintage","2025-07-13T14:07:46.962060Z",14,"/data/upload/2/7e2614c2-streetwear_676.jpg",6.8469999999999995,"2025-07-13T14:27:55.766615Z"
15,"1","formal","2025-07-13T14:07:50.992111Z",15,"/data/upload/2/99f2ff77-streetwear_675.jpg",3.038,"2025-07-13T14:07:50.992140Z"
16,"1","streetwear","2025-07-13T14:07:55.376069Z",16,"/data/upload/2/37cf3570-streetwear_670.jpg",8.036999999999999,"2025-07-13T14:30:06.392506Z"
17,"1","vintage","2025-07-13T14:07:58.829516Z",17,"/data/upload/2/5ce5972f-streetwear_669.jpg",5.2509999999999994,"2025-07-13T14:28:55.635612Z"
18,"1","casual","2025-07-13T14:08:04.796827Z",18,"/data/upload/2/24802c91-streetwear_666.jpg",9.128,"2025-07-13T14:29:02.479792Z"
19,"1","streetwear","2025-07-13T14:08:08.314528Z",19,"/data/upload/2/317ac9eb-streetwear_664.jpg",5.1129999999999995,"2025-07-13T14:29:09.114628Z"
20,"1","vintage","2025-07-13T14:08:12.024474Z",20,"/data/upload/2/2a20b4ee-streetwear_663.jpg",7.3999999999999995,"2025-07-13T14:30:15.582452Z"
21,"1","streetwear","2025-07-13T14:08:16.564557Z",21,"/data/upload/2/39c66845-streetwear_661.jpg",6.396,"2025-07-13T14:29:19.124390Z"
22,"1","sporty","2025-07-13T14:08:21.998543Z",22,"/data/upload/2/8f370e59-streetwear_659.jpg",4.473,"2025-07-13T14:08:21.998570Z"
23,"1","streetwear","2025-07-13T14:08:29.321838Z",23,"/data/upload/2/411e5e58-streetwear_657.jpg",6.723,"2025-07-13T14:29:33.829398Z"
24,"1","streetwear","2025-07-13T14:08:42.298673Z",24,"/data/upload/2/9ee37f9f-streetwear_654.jpg",14.57,"2025-07-13T14:30:20.794206Z"
25,"1","streetwear","2025-07-13T14:08:46.669187Z",25,"/data/upload/2/648568c5-streetwear_652.jpg",6.895,"2025-07-13T14:31:10.552393Z"
26,"1","streetwear","2025-07-13T14:08:50.976006Z",26,"/data/upload/2/68699238-streetwear_650.jpg",5.958,"2025-07-13T14:31:15.150909Z"
27,"1","sporty","2025-07-13T14:08:56.149151Z",27,"/data/upload/2/92a7889b-streetwear_649.jpg",7.666,"2025-07-13T14:31:21.598854Z"
28,"1","vintage","2025-07-13T14:09:00.400730Z",28,"/data/upload/2/d685eab6-streetwear_648.jpg",6.337,"2025-07-13T14:31:27.344778Z"
29,"1","streetwear","2025-07-13T14:09:14.560427Z",29,"/data/upload/2/98129a13-streetwear_646.jpg",16.526,"2025-07-13T14:31:33.783089Z"
30,"1","casual","2025-07-13T14:10:56.248292Z",30,"/data/upload/2/83dc65f5-streetwear_645.jpg",100.242,"2025-07-13T14:10:56.248324Z"
31,"1","vintage","2025-07-13T14:11:00.701953Z",31,"/data/upload/2/176fe050-streetwear_643.jpg",10.654,"2025-07-13T14:31:50.454715Z"
32,"1","streetwear","2025-07-13T14:11:04.495312Z",32,"/data/upload/2/e668f437-streetwear_639.jpg",4.640000000000001,"2025-07-13T14:31:54.668532Z"
33,"1","streetwear","2025-07-13T14:11:42.830744Z",33,"/data/upload/2/9f2eab69-streetwear_638.jpg",45.125,"2025-07-13T14:32:06.346356Z"
34,"1","vintage","2025-07-13T14:12:15.997065Z",34,"/data/upload/2/7552f94b-streetwear_634.jpg",35.206999999999994,"2025-07-13T14:33:04.006538Z"
35,"1","casual","2025-07-13T14:12:20.051451Z",35,"/data/upload/2/d62dc3b5-streetwear_633.jpg",2.913,"2025-07-13T14:12:20.051482Z"
36,"1","streetwear","2025-07-13T14:12:27.711137Z",36,"/data/upload/2/b568de82-streetwear_630.jpg",7.482,"2025-07-13T14:32:26.733299Z"
37,"1","sporty","2025-07-13T14:12:31.208389Z",37,"/data/upload/2/b4744c2f-streetwear_629.jpg",5.204000000000001,"2025-07-13T14:34:03.377580Z"
38,"1","casual","2025-07-13T14:12:35.389392Z",38,"/data/upload/2/c70922c0-streetwear_627.jpg",3.197,"2025-07-13T14:12:35.389429Z"
39,"1","streetwear","2025-07-13T14:12:39.336314Z",39,"/data/upload/2/8c826d18-streetwear_626.jpg",6.929,"2025-07-13T14:34:12.180100Z"
40,"1","casual","2025-07-13T14:12:43.055242Z",40,"/data/upload/2/5b872a28-streetwear_625.jpg",2.099,"2025-07-13T14:12:43.055269Z"
41,"1","streetwear","2025-07-13T14:12:46.869067Z",41,"/data/upload/2/a276d64c-streetwear_622.jpg",5.32,"2025-07-13T14:34:19.467757Z"
42,"1","streetwear","2025-07-13T14:12:50.815908Z",42,"/data/upload/2/de906a7e-streetwear_618.jpg",5.3149999999999995,"2025-07-13T14:34:33.950211Z"
43,"1","formal","2025-07-13T14:12:54.799478Z",43,"/data/upload/2/4494db5b-streetwear_617.jpg",2.956,"2025-07-13T14:12:54.799513Z"
44,"1","streetwear","2025-07-13T14:12:58.321422Z",44,"/data/upload/2/e6d9379e-streetwear_616.jpg",5.22,"2025-07-13T14:35:05.622118Z"
45,"1","sporty","2025-07-13T14:13:02.910698Z",45,"/data/upload/2/72e049e2-streetwear_615.jpg",5.8309999999999995,"2025-07-13T14:35:50.669645Z"
46,"1","vintage","2025-07-13T14:13:07.043459Z",46,"/data/upload/2/b4204a96-streetwear_614.jpg",5.897,"2025-07-13T14:35:55.939426Z"
47,"1","streetwear","2025-07-13T14:13:44.548870Z",47,"/data/upload/2/fad3dedb-streetwear_613.jpg",40.57899999999999,"2025-07-13T14:36:01.715636Z"
48,"1","sporty","2025-07-13T14:14:21.788155Z",48,"/data/upload/2/b9a7d3ef-streetwear_612.jpg",39.092,"2025-07-13T14:35:13.400902Z"
49,"1","streetwear","2025-07-13T14:14:25.945885Z",49,"/data/upload/2/b51564ab-streetwear_611.jpg",12.007000000000001,"2025-07-13T14:36:12.635499Z"
50,"1","casual","2025-07-13T14:14:30.118874Z",50,"/data/upload/2/6ea14bbc-streetwear_610.jpg",3.316,"2025-07-13T14:14:30.118903Z"
51,"1","streetwear","2025-07-13T14:14:35.339773Z",51,"/data/upload/2/c856aa2d-streetwear_609.jpg",7.392,"2025-07-13T14:36:27.102493Z"
66,"1","streetwear","2025-07-13T14:38:27.391781Z",52,"/data/upload/2/2d9a76d4-streetwear_608.jpg",9.252,"2025-07-13T14:38:27.391802Z"
60,"1","streetwear","2025-07-13T14:37:21.750170Z",53,"/data/upload/2/8805a599-streetwear_607.jpg",2.96,"2025-07-13T14:37:21.750203Z"
61,"1","streetwear","2025-07-13T14:37:31.326914Z",54,"/data/upload/2/8a8ca07e-streetwear_606.jpg",3.899,"2025-07-13T14:37:31.326949Z"
62,"1","streetwear","2025-07-13T14:37:38.803631Z",55,"/data/upload/2/0ff03f0e-streetwear_605.jpg",3.1,"2025-07-13T14:37:38.803661Z"
67,"1","sporty","2025-07-13T14:38:35.219043Z",56,"/data/upload/2/e39b9e99-streetwear_604.jpg",2.591,"2025-07-13T14:38:35.219077Z"
63,"1","formal","2025-07-13T14:37:48.757626Z",57,"/data/upload/2/1b2f7d79-streetwear_603.jpg",5.588,"2025-07-13T14:37:48.757655Z"
64,"1","sporty","2025-07-13T14:37:54.134683Z",58,"/data/upload/2/7bb6c550-streetwear_600.jpg",12.960999999999999,"2025-07-13T14:38:03.445127Z"
65,"1","streetwear","2025-07-13T14:38:06.853567Z",59,"/data/upload/2/361d0bbf-streetwear_599.jpg",2.104,"2025-07-13T14:38:06.853607Z"
68,"1","vintage","2025-07-13T14:38:44.951099Z",60,"/data/upload/2/6473a6be-streetwear_598.jpg",2.793,"2025-07-13T14:38:44.951130Z"
69,"1","streetwear","2025-07-13T14:39:29.652555Z",61,"/data/upload/2/5b7ee551-streetwear_595.jpg",2.501,"2025-07-13T14:39:29.652584Z"
70,"1","vintage","2025-07-13T14:39:35.721839Z",62,"/data/upload/2/402c7569-streetwear_593.jpg",3.288,"2025-07-13T14:39:35.721860Z"
71,"1","streetwear","2025-07-13T14:39:42.437581Z",63,"/data/upload/2/c65fc176-streetwear_592.jpg",3.249,"2025-07-13T14:39:42.437615Z"
75,"1","sporty","2025-07-13T14:41:12.791108Z",64,"/data/upload/2/8451db24-streetwear_591.jpg",2.462,"2025-07-13T14:41:12.791138Z"
72,"1","casual","2025-07-13T14:39:48.617295Z",65,"/data/upload/2/25492493-streetwear_590.jpg",3.552,"2025-07-13T14:39:48.617327Z"
73,"1","streetwear","2025-07-13T14:39:55.229858Z",66,"/data/upload/2/a825ae2f-streetwear_585.jpg",9.736999999999998,"2025-07-13T14:40:01.035328Z"
74,"1","vintage","2025-07-13T14:40:08.005081Z",67,"/data/upload/2/0827ce81-streetwear_584.jpg",2.238,"2025-07-13T14:40:08.005122Z"
76,"1","formal","2025-07-13T14:41:18.349180Z",68,"/data/upload/2/fde5148b-streetwear_579.jpg",2.437,"2025-07-13T14:41:18.349214Z"
78,"1","streetwear","2025-07-13T14:42:16.333775Z",69,"/data/upload/2/0878f2b1-streetwear_578.jpg",4.353,"2025-07-13T14:42:16.333802Z"
79,"1","vintage","2025-07-13T14:42:21.898773Z",70,"/data/upload/2/c2d28dc9-streetwear_577.jpg",2.957,"2025-07-13T14:42:21.898802Z"
80,"1","sporty","2025-07-13T14:42:26.492247Z",71,"/data/upload/2/0e666b8b-streetwear_576.jpg",2.316,"2025-07-13T14:42:26.492276Z"
77,"1","vintage","2025-07-13T14:41:36.771046Z",72,"/data/upload/2/43d6ab9e-streetwear_574.jpg",3.441,"2025-07-13T14:41:36.771087Z"
81,"1","streetwear","2025-07-13T14:42:34.672982Z",73,"/data/upload/2/1724163f-streetwear_570.jpg",5.138,"2025-07-13T14:42:34.673008Z"
82,"1","vintage","2025-07-13T14:42:40.654309Z",74,"/data/upload/2/6e127f2c-streetwear_568.jpg",2.654,"2025-07-13T14:42:40.654341Z"
83,"1","casual","2025-07-13T14:42:46.862605Z",75,"/data/upload/2/8ffceb10-streetwear_567.jpg",4.221,"2025-07-13T14:42:46.862649Z"
90,"1","sporty","2025-07-13T14:44:29.427456Z",76,"/data/upload/2/4d3cd64a-streetwear_565.jpg",5.822,"2025-07-13T14:44:29.427484Z"
84,"1","formal","2025-07-13T14:43:35.623364Z",77,"/data/upload/2/7b000ec8-streetwear_564.jpg",4.034,"2025-07-13T14:43:35.623383Z"
85,"1","formal","2025-07-13T14:43:40.664767Z",78,"/data/upload/2/77a1a313-streetwear_563.jpg",2.233,"2025-07-13T14:43:40.664804Z"
86,"1","streetwear","2025-07-13T14:43:45.142203Z",79,"/data/upload/2/172f7597-streetwear_561.jpg",2.967,"2025-07-13T14:43:45.142236Z"
91,"1","sporty","2025-07-13T14:44:35.636348Z",80,"/data/upload/2/5e10b9c9-streetwear_559.jpg",5.108,"2025-07-13T14:44:35.636383Z"
87,"1","vintage","2025-07-13T14:43:53.135520Z",81,"/data/upload/2/341fdb47-streetwear_553.jpg",2.257,"2025-07-13T14:43:53.135549Z"
88,"1","streetwear","2025-07-13T14:43:59.494996Z",82,"/data/upload/2/a47519d6-streetwear_552.jpg",2.928,"2025-07-13T14:43:59.495028Z"
89,"1","casual","2025-07-13T14:44:07.355283Z",83,"/data/upload/2/bd07eb20-streetwear_549.jpg",2.88,"2025-07-13T14:44:07.355321Z"
92,"1","sporty","2025-07-13T14:44:43.796116Z",84,"/data/upload/2/de08dba6-streetwear_548.jpg",4.023,"2025-07-13T14:44:43.796138Z"
93,"1","streetwear","2025-07-13T14:45:41.451933Z",85,"/data/upload/2/591c8b48-streetwear_547.jpg",1.917,"2025-07-13T14:45:41.451963Z"
94,"1","vintage","2025-07-13T14:45:48.403953Z",86,"/data/upload/2/a05e1ee8-streetwear_545.jpg",3.434,"2025-07-13T14:45:48.403986Z"
95,"1","casual","2025-07-13T14:45:52.078165Z",87,"/data/upload/2/4c66b77b-streetwear_544.jpg",2.491,"2025-07-13T14:45:52.078198Z"
99,"1","casual","2025-07-13T14:46:46.192417Z",88,"/data/upload/2/8b11b3d4-streetwear_541.jpg",3.029,"2025-07-13T14:46:46.192444Z"
96,"1","vintage","2025-07-13T14:45:58.015632Z",89,"/data/upload/2/dea73e37-streetwear_540.jpg",2.403,"2025-07-13T14:45:58.015662Z"
97,"1","vintage","2025-07-13T14:46:03.893025Z",90,"/data/upload/2/858ebcf7-streetwear_534.jpg",4.34,"2025-07-13T14:46:03.893059Z"
98,"1","sporty","2025-07-13T14:46:09.057101Z",91,"/data/upload/2/87d06961-streetwear_531.jpg",2.343,"2025-07-13T14:46:09.057132Z"
100,"1","vintage","2025-07-13T14:46:50.740881Z",92,"/data/upload/2/4fd66a96-streetwear_527.jpg",2.81,"2025-07-13T14:46:50.740910Z"
107,"1","casual","2025-07-13T14:48:24.464164Z",93,"/data/upload/2/402cc7d3-streetwear_526.jpg",4.518,"2025-07-13T14:48:24.464183Z"
108,"1","sporty","2025-07-13T14:48:29.907268Z",94,"/data/upload/2/feb8f199-streetwear_524.jpg",3.85,"2025-07-13T14:48:29.907299Z"
109,"1","casual","2025-07-13T14:48:51.860404Z",95,"/data/upload/2/790db879-streetwear_523.jpg",14.067,"2025-07-13T14:48:51.860434Z"
101,"1","streetwear","2025-07-13T14:46:56.966766Z",96,"/data/upload/2/10889f23-streetwear_520.jpg",3.846,"2025-07-13T14:46:56.966793Z"
110,"1","vintage","2025-07-13T14:49:05.342480Z",97,"/data/upload/2/eaa996fa-streetwear_518.jpg",10.024,"2025-07-13T14:49:05.342512Z"
111,"1","vintage","2025-07-13T14:49:11.413281Z",98,"/data/upload/2/9b724c75-streetwear_517.jpg",3.218,"2025-07-13T14:49:11.413309Z"
112,"1","streetwear","2025-07-13T14:49:17.508212Z",99,"/data/upload/2/cbc93405-streetwear_515.jpg",2.852,"2025-07-13T14:49:17.508240Z"
114,"1","streetwear","2025-07-13T14:50:58.669386Z",100,"/data/upload/2/c3e6c14d-streetwear_514.jpg",2.122,"2025-07-13T14:50:58.669427Z"
102,"1","sporty","2025-07-13T14:47:19.678639Z",101,"/data/upload/2/2632f046-streetwear_507.jpg",3.362,"2025-07-13T14:47:19.678670Z"
103,"1","casual","2025-07-13T14:47:23.923487Z",102,"/data/upload/2/3204afbb-streetwear_506.jpg",2.896,"2025-07-13T14:47:23.923531Z"
104,"1","streetwear","2025-07-13T14:47:29.085264Z",103,"/data/upload/2/51416511-streetwear_505.jpg",3.372,"2025-07-13T14:47:29.085310Z"
115,"1","vintage","2025-07-13T14:51:04.893475Z",104,"/data/upload/2/8adb3f09-streetwear_503.jpg",4.824,"2025-07-13T14:51:04.893502Z"
105,"1","streetwear","2025-07-13T14:47:34.836375Z",105,"/data/upload/2/b540d7c0-streetwear_502.jpg",2.676,"2025-07-13T14:47:34.836409Z"
106,"1","sporty","2025-07-13T14:47:44.702587Z",106,"/data/upload/2/c0f6c982-streetwear_500.jpg",7.952,"2025-07-13T14:47:44.702618Z"
113,"1","vintage","2025-07-13T14:50:30.922828Z",107,"/data/upload/2/6436e896-streetwear_499.jpg",2.352,"2025-07-13T14:50:30.922928Z"
116,"1","sporty","2025-07-13T14:51:09.597998Z",108,"/data/upload/2/7d7cd5a8-streetwear_498.jpg",2.482,"2025-07-13T14:51:09.598050Z"
117,"1","casual","2025-07-13T14:51:43.756582Z",109,"/data/upload/2/2ad15d42-streetwear_497.jpg",2.508,"2025-07-13T14:51:43.756617Z"
118,"1","vintage","2025-07-13T14:51:48.796713Z",110,"/data/upload/2/9a2d8fb3-streetwear_496.jpg",2.95,"2025-07-13T14:51:48.796746Z"
119,"1","streetwear","2025-07-13T14:51:53.465882Z",111,"/data/upload/2/c0057618-streetwear_495.jpg",2.734,"2025-07-13T14:51:53.465916Z"
123,"1","casual","2025-07-13T14:53:29.900317Z",112,"/data/upload/2/f9d7015a-streetwear_493.jpg",1.916,"2025-07-13T14:53:29.900342Z"
120,"1","streetwear","2025-07-13T14:52:10.577066Z",113,"/data/upload/2/c8e0f009-streetwear_492.jpg",4.23,"2025-07-13T14:52:10.577097Z"
121,"1","streetwear","2025-07-13T14:52:21.620459Z",114,"/data/upload/2/6c9c6ee7-streetwear_491.jpg",2.318,"2025-07-13T14:52:21.620485Z"
122,"1","sporty","2025-07-13T14:52:24.856344Z",115,"/data/upload/2/ec2344f7-streetwear_489.jpg",2.451,"2025-07-13T14:52:24.856376Z"
124,"1","streetwear","2025-07-13T14:53:34.937083Z",116,"/data/upload/2/b5a42c2d-streetwear_487.jpg",3.134,"2025-07-13T14:53:34.937167Z"
126,"1","casual","2025-07-13T14:53:52.074428Z",117,"/data/upload/2/6528146e-streetwear_486.jpg",3.66,"2025-07-13T14:53:52.074464Z"
127,"1","streetwear","2025-07-13T14:53:57.228640Z",118,"/data/upload/2/08ac783c-streetwear_485.jpg",3.95,"2025-07-13T14:53:57.228667Z"
128,"1","vintage","2025-07-13T14:54:02.497994Z",119,"/data/upload/2/f40aa271-streetwear_483.jpg",3.63,"2025-07-13T14:54:02.498030Z"
125,"1","sporty","2025-07-13T14:53:44.463028Z",120,"/data/upload/2/ba7ddf14-streetwear_482.jpg",6.136,"2025-07-13T14:53:44.463067Z"
129,"1","streetwear","2025-07-13T14:54:08.669998Z",121,"/data/upload/2/b6192541-streetwear_479.jpg",3.005,"2025-07-13T14:54:08.670027Z"
130,"1","streetwear","2025-07-13T14:54:13.444281Z",122,"/data/upload/2/62d0f7e0-streetwear_476.jpg",3.54,"2025-07-13T14:54:13.444318Z"
131,"1","vintage","2025-07-13T14:54:18.458898Z",123,"/data/upload/2/44783ccd-streetwear_475.jpg",2.324,"2025-07-13T14:54:18.458932Z"
138,"1","sporty","2025-07-13T14:56:23.125248Z",124,"/data/upload/2/ef5bb0b7-streetwear_473.jpg",2.604,"2025-07-13T14:56:23.125289Z"
132,"1","streetwear","2025-07-13T14:55:02.049723Z",125,"/data/upload/2/6c3c37f4-streetwear_472.jpg",5.087,"2025-07-13T14:55:02.049754Z"
133,"1","sporty","2025-07-13T14:55:05.813165Z",126,"/data/upload/2/02dfc878-streetwear_471.jpg",2.413,"2025-07-13T14:55:05.813187Z"
134,"1","sporty","2025-07-13T14:55:09.595769Z",127,"/data/upload/2/91f3c8e5-streetwear_470.jpg",2.433,"2025-07-13T14:55:09.595796Z"
139,"1","sporty","2025-07-13T14:57:14.200959Z",128,"/data/upload/2/8f5cb78e-streetwear_469.jpg",22.083,"2025-07-13T14:59:53.443845Z"
135,"1","streetwear","2025-07-13T14:55:14.767613Z",129,"/data/upload/2/eb1b5231-streetwear_468.jpg",1.984,"2025-07-13T14:55:14.767655Z"
136,"1","casual","2025-07-13T14:55:19.385998Z",130,"/data/upload/2/0434454b-streetwear_467.jpg",3.048,"2025-07-13T14:55:19.386033Z"
137,"1","casual","2025-07-13T14:55:28.545650Z",131,"/data/upload/2/d00e78ec-streetwear_465.jpg",2.94,"2025-07-13T14:55:28.545680Z"
149,"1","vintage","2025-07-13T14:59:39.585521Z",132,"/data/upload/2/2522c8e6-streetwear_462.jpg",2.295,"2025-07-13T14:59:39.585561Z"
143,"1","vintage","2025-07-13T14:58:36.304351Z",133,"/data/upload/2/314ac695-streetwear_460.jpg",7.537,"2025-07-13T14:58:36.304381Z"
144,"1","casual","2025-07-13T14:58:40.798696Z",134,"/data/upload/2/1a2472e0-streetwear_458.jpg",2.645,"2025-07-13T14:58:40.798730Z"
145,"1","formal","2025-07-13T14:58:45.561207Z",135,"/data/upload/2/0a84d17c-streetwear_457.jpg",3.457,"2025-07-13T14:58:45.561243Z"
140,"1","streetwear","2025-07-13T14:58:01.685408Z",136,"/data/upload/2/64500bb9-streetwear_455.jpg",6.485,"2025-07-13T14:58:01.685435Z"
146,"1","streetwear","2025-07-13T14:58:49.636637Z",137,"/data/upload/2/66fb14a7-streetwear_451.jpg",2.877,"2025-07-13T14:58:49.636667Z"
147,"1","sporty","2025-07-13T14:58:53.733549Z",138,"/data/upload/2/cd187c3d-streetwear_450.jpg",2.608,"2025-07-13T14:58:53.733587Z"
148,"1","streetwear","2025-07-13T14:58:58.976152Z",139,"/data/upload/2/86873db2-streetwear_449.jpg",4.28,"2025-07-13T14:58:58.976182Z"
141,"1","vintage","2025-07-13T14:58:08.166530Z",140,"/data/upload/2/e14f0f59-streetwear_446.jpg",2.491,"2025-07-13T14:58:08.166558Z"
150,"1","vintage","2025-07-13T15:00:15.239227Z",141,"/data/upload/2/2d40170b-streetwear_445.jpg",3.962,"2025-07-13T15:00:15.239245Z"
151,"1","streetwear","2025-07-13T15:00:18.862028Z",142,"/data/upload/2/b330fa51-streetwear_444.jpg",2.465,"2025-07-13T15:00:18.862055Z"
152,"1","sporty","2025-07-13T15:00:23.528377Z",143,"/data/upload/2/300e8de5-streetwear_439.jpg",3.537,"2025-07-13T15:00:23.528424Z"
142,"1","casual","2025-07-13T14:58:14.776371Z",144,"/data/upload/2/26e37363-streetwear_432.jpg",2.921,"2025-07-13T14:58:14.776398Z"
153,"1","casual","2025-07-13T15:00:33.219262Z",145,"/data/upload/2/134f258e-streetwear_431.jpg",7.151,"2025-07-13T15:00:44.155755Z"
154,"1","formal","2025-07-13T15:00:39.953200Z",146,"/data/upload/2/9b1661c1-streetwear_429.jpg",5.125,"2025-07-13T15:00:39.953239Z"
155,"1","casual","2025-07-13T15:00:47.889497Z",147,"/data/upload/2/65e32fac-streetwear_427.jpg",2.562,"2025-07-13T15:00:47.889532Z"
156,"1","vintage","2025-07-13T15:01:48.161803Z",148,"/data/upload/2/769c94ed-streetwear_422.jpg",5.452,"2025-07-13T15:01:48.161838Z"
159,"1","vintage","2025-07-13T15:02:21.763376Z",149,"/data/upload/2/6d6fa545-streetwear_421.jpg",7.108,"2025-07-13T15:02:21.763401Z"
160,"1","casual","2025-07-13T15:02:29.225992Z",150,"/data/upload/2/83825f31-streetwear_420.jpg",2.394,"2025-07-13T15:02:29.226027Z"
161,"1","streetwear","2025-07-13T15:02:34.657523Z",151,"/data/upload/2/c652a05b-streetwear_418.jpg",3.225,"2025-07-13T15:02:34.657553Z"
157,"1","casual","2025-07-13T15:01:55.117312Z",152,"/data/upload/2/2514de02-streetwear_414.jpg",2.923,"2025-07-13T15:01:55.117350Z"
162,"1","casual","2025-07-13T15:02:43.559757Z",153,"/data/upload/2/53b80d50-streetwear_413.jpg",6.278,"2025-07-13T15:02:43.559789Z"
163,"1","streetwear","2025-07-13T15:02:49.811523Z",154,"/data/upload/2/629a0203-streetwear_412.jpg",4.183,"2025-07-13T15:02:49.811556Z"
164,"1","streetwear","2025-07-13T15:02:54.394425Z",155,"/data/upload/2/8a3d3437-streetwear_411.jpg",2.084,"2025-07-13T15:02:54.394455Z"
158,"1","formal","2025-07-13T15:02:00.577845Z",156,"/data/upload/2/12a14a2f-streetwear_410.jpg",2.856,"2025-07-13T15:02:00.577880Z"
165,"1","casual","2025-07-13T15:03:41.109058Z",157,"/data/upload/2/47ad56d9-streetwear_409.jpg",5.251,"2025-07-13T15:03:41.109086Z"
166,"1","vintage","2025-07-13T15:03:44.830436Z",158,"/data/upload/2/e7039f58-streetwear_407.jpg",2.74,"2025-07-13T15:03:44.830464Z"
167,"1","streetwear","2025-07-13T15:03:49.654401Z",159,"/data/upload/2/13207eea-streetwear_406.jpg",3.325,"2025-07-13T15:03:49.654437Z"
583,"1","casual","2025-07-13T20:47:28.875816Z",160,"/data/upload/2/62422ae1-streetwear_405.jpg",4.991,"2025-07-13T20:47:28.875845Z"
168,"1","casual","2025-07-13T15:03:55.174149Z",161,"/data/upload/2/6b58d5fb-streetwear_404.jpg",2.76,"2025-07-13T15:03:55.174179Z"
169,"1","vintage","2025-07-13T15:03:59.322824Z",162,"/data/upload/2/4a59e1be-streetwear_400.jpg",3.024,"2025-07-13T15:03:59.322861Z"
170,"1","sporty","2025-07-13T15:04:03.899250Z",163,"/data/upload/2/c6e26163-streetwear_399.jpg",2.334,"2025-07-13T15:04:03.899286Z"
171,"1","streetwear","2025-07-13T18:24:34.483753Z",164,"/data/upload/2/9d7ac284-streetwear_398.jpg",2.554,"2025-07-13T18:24:34.483786Z"
174,"1","streetwear","2025-07-13T18:25:43.075962Z",165,"/data/upload/2/881a8245-streetwear_396.jpg",2.524,"2025-07-13T18:25:43.075993Z"
175,"1","casual","2025-07-13T18:25:47.771744Z",166,"/data/upload/2/a53c1404-streetwear_395.jpg",2.113,"2025-07-13T18:25:47.771776Z"
176,"1","streetwear","2025-07-13T18:25:52.957987Z",167,"/data/upload/2/50e34d1e-streetwear_394.jpg",3.108,"2025-07-13T18:25:52.958019Z"
172,"1","streetwear","2025-07-13T18:24:42.053033Z",168,"/data/upload/2/481bb4cd-streetwear_393.jpg",2.544,"2025-07-13T18:24:42.053060Z"
177,"1","vintage","2025-07-13T18:25:59.177763Z",169,"/data/upload/2/9fdd6326-streetwear_392.jpg",2.504,"2025-07-13T18:25:59.177795Z"
178,"1","casual","2025-07-13T18:26:07.543387Z",170,"/data/upload/2/7c8a10bc-streetwear_390.jpg",5.964,"2025-07-13T18:26:07.543420Z"
179,"1","streetwear","2025-07-13T18:26:11.931772Z",171,"/data/upload/2/285fd5eb-streetwear_389.jpg",2.853,"2025-07-13T18:26:11.931805Z"
173,"1","casual","2025-07-13T18:24:47.653137Z",172,"/data/upload/2/5d1affaa-streetwear_383.jpg",2.674,"2025-07-13T18:24:47.653163Z"
180,"1","vintage","2025-07-13T18:27:01.174894Z",173,"/data/upload/2/89b84388-streetwear_382.jpg",10.495,"2025-07-13T18:27:01.174930Z"
181,"1","vintage","2025-07-13T18:27:04.630894Z",174,"/data/upload/2/b4e9be22-streetwear_381.jpg",2.536,"2025-07-13T18:27:04.630924Z"
182,"1","casual","2025-07-13T18:27:09.388641Z",175,"/data/upload/2/d76a65cd-streetwear_377.jpg",2.056,"2025-07-13T18:27:09.388674Z"
186,"1","sporty","2025-07-13T18:28:02.366178Z",176,"/data/upload/2/b4417775-streetwear_375.jpg",4.746,"2025-07-13T18:28:02.366203Z"
183,"1","streetwear","2025-07-13T18:27:17.099145Z",177,"/data/upload/2/c84c1ac2-streetwear_371.jpg",2.595,"2025-07-13T18:27:17.099174Z"
184,"1","streetwear","2025-07-13T18:27:23.584267Z",178,"/data/upload/2/a98cb59d-streetwear_368.jpg",3.979,"2025-07-13T18:27:23.584298Z"
185,"1","streetwear","2025-07-13T18:27:26.420713Z",179,"/data/upload/2/0210f84e-streetwear_365.jpg",2.05,"2025-07-13T18:27:26.420747Z"
187,"1","formal","2025-07-13T18:28:08.602250Z",180,"/data/upload/2/c5bb230c-streetwear_362.jpg",3.189,"2025-07-13T18:28:08.602287Z"
189,"1","streetwear","2025-07-13T18:29:18.077230Z",181,"/data/upload/2/1d588c12-streetwear_361.jpg",2.582,"2025-07-13T18:29:18.077267Z"
190,"1","casual","2025-07-13T18:29:21.802003Z",182,"/data/upload/2/50bbef6a-streetwear_355.jpg",2.032,"2025-07-13T18:29:21.802037Z"
191,"1","formal","2025-07-13T18:29:26.911140Z",183,"/data/upload/2/e878d065-streetwear_351.jpg",3.005,"2025-07-13T18:29:26.911171Z"
188,"1","streetwear","2025-07-13T18:28:15.372200Z",184,"/data/upload/2/2b60676b-streetwear_350.jpg",2.336,"2025-07-13T18:28:15.372234Z"
192,"1","casual","2025-07-13T18:29:35.171324Z",185,"/data/upload/2/dd3ef668-streetwear_348.jpg",5.49,"2025-07-13T18:29:35.171357Z"
193,"1","streetwear","2025-07-13T18:29:39.707219Z",186,"/data/upload/2/c49e792b-streetwear_347.jpg",2.893,"2025-07-13T18:29:39.707249Z"
194,"1","streetwear","2025-07-13T18:29:48.674925Z",187,"/data/upload/2/b4569d12-streetwear_341.jpg",7.976,"2025-07-13T18:29:48.674977Z"
201,"1","casual","2025-07-13T18:31:17.371054Z",188,"/data/upload/2/f33fe173-streetwear_340.jpg",7.473,"2025-07-13T18:31:17.371087Z"
195,"1","vintage","2025-07-13T18:30:28.939280Z",189,"/data/upload/2/4c41645a-streetwear_336.jpg",3.003,"2025-07-13T18:30:28.939318Z"
196,"1","streetwear","2025-07-13T18:30:33.821658Z",190,"/data/upload/2/7fe2679c-streetwear_335.jpg",2.695,"2025-07-13T18:30:33.821693Z"
197,"1","streetwear","2025-07-13T18:30:40.889932Z",191,"/data/upload/2/2c6b168e-streetwear_333.jpg",5.36,"2025-07-13T18:30:40.889959Z"
202,"1","streetwear","2025-07-13T18:31:22.434819Z",192,"/data/upload/2/f60c1933-streetwear_331.jpg",3.924,"2025-07-13T18:31:22.434847Z"
198,"1","casual","2025-07-13T18:30:47.838223Z",193,"/data/upload/2/3d0cb342-streetwear_329.jpg",4.17,"2025-07-13T18:30:47.838254Z"
199,"1","formal","2025-07-13T18:30:51.745742Z",194,"/data/upload/2/7c376898-streetwear_327.jpg",2.815,"2025-07-13T18:30:51.745775Z"
200,"1","streetwear","2025-07-13T18:30:57.440356Z",195,"/data/upload/2/ed76035a-streetwear_326.jpg",2.781,"2025-07-13T18:30:57.440398Z"
203,"1","casual","2025-07-13T18:31:29.027940Z",196,"/data/upload/2/45df1d78-streetwear_325.jpg",2.454,"2025-07-13T18:31:29.027977Z"
204,"1","sporty","2025-07-13T18:32:22.103527Z",197,"/data/upload/2/5d9d13a3-streetwear_324.jpg",2.969,"2025-07-13T18:32:22.103562Z"
205,"1","streetwear","2025-07-13T18:32:25.955473Z",198,"/data/upload/2/a5e9aaa2-streetwear_323.jpg",2.541,"2025-07-13T18:32:25.955520Z"
206,"1","casual","2025-07-13T18:32:29.547994Z",199,"/data/upload/2/a21f3ae2-streetwear_322.jpg",2.518,"2025-07-13T18:32:29.548029Z"
210,"1","sporty","2025-07-13T18:33:17.357892Z",200,"/data/upload/2/66a2d137-streetwear_320.jpg",2.117,"2025-07-13T18:33:17.357917Z"
207,"1","streetwear","2025-07-13T18:32:40.566784Z",201,"/data/upload/2/44e4d509-streetwear_318.jpg",5.433,"2025-07-13T18:32:40.566821Z"
208,"1","formal","2025-07-13T18:32:44.788330Z",202,"/data/upload/2/693a514e-streetwear_317.jpg",2.404,"2025-07-13T18:32:44.788450Z"
209,"1","vintage","2025-07-13T18:32:48.512276Z",203,"/data/upload/2/83556016-streetwear_313.jpg",1.435,"2025-07-13T18:32:48.512300Z"
211,"1","formal","2025-07-13T18:33:21.912681Z",204,"/data/upload/2/67e4d2dd-streetwear_311.jpg",1.848,"2025-07-13T18:33:21.912729Z"
213,"1","vintage","2025-07-13T18:34:06.212760Z",205,"/data/upload/2/b73fee7e-streetwear_310.jpg",4.206,"2025-07-13T18:34:06.212798Z"
214,"1","vintage","2025-07-13T18:34:10.467149Z",206,"/data/upload/2/e3178467-streetwear_308.jpg",2.688,"2025-07-13T18:34:10.467186Z"
215,"1","streetwear","2025-07-13T18:34:14.988796Z",207,"/data/upload/2/e0fc58e9-streetwear_307.jpg",3.27,"2025-07-13T18:34:14.988833Z"
212,"1","streetwear","2025-07-13T18:33:26.874675Z",208,"/data/upload/2/aa5d3344-streetwear_305.jpg",2.327,"2025-07-13T18:33:26.874793Z"
216,"1","casual","2025-07-13T18:34:21.598246Z",209,"/data/upload/2/5e55ffea-streetwear_300.jpg",2.774,"2025-07-13T18:34:21.598279Z"
217,"1","streetwear","2025-07-13T18:34:25.006406Z",210,"/data/upload/2/93313f1d-streetwear_299.jpg",2.17,"2025-07-13T18:34:25.006441Z"
218,"1","streetwear","2025-07-13T18:34:29.410728Z",211,"/data/upload/2/97b2f982-streetwear_298.jpg",1.923,"2025-07-13T18:34:29.410760Z"
219,"1","casual","2025-07-13T18:34:48.667626Z",212,"/data/upload/2/03004a50-streetwear_297.jpg",2.026,"2025-07-13T18:34:48.667676Z"
222,"1","streetwear","2025-07-13T18:35:47.709799Z",213,"/data/upload/2/39380b52-streetwear_294.jpg",7.401,"2025-07-13T18:35:47.709838Z"
223,"1","streetwear","2025-07-13T18:35:51.369823Z",214,"/data/upload/2/7bb9b56f-streetwear_288.jpg",2.462,"2025-07-13T18:35:51.369858Z"
224,"1","casual","2025-07-13T18:35:55.236331Z",215,"/data/upload/2/0ddfe763-streetwear_285.jpg",2.502,"2025-07-13T18:35:55.236361Z"
220,"1","streetwear","2025-07-13T18:34:53.964128Z",216,"/data/upload/2/b7daee24-streetwear_282.jpg",2.458,"2025-07-13T18:34:53.964165Z"
225,"1","casual","2025-07-13T18:36:01.262656Z",217,"/data/upload/2/d3c37941-streetwear_281.jpg",3.116,"2025-07-13T18:36:01.262691Z"
226,"1","vintage","2025-07-13T18:36:08.758913Z",218,"/data/upload/2/ccae6c1d-streetwear_280.jpg",3.169,"2025-07-13T18:36:08.758931Z"
227,"1","streetwear","2025-07-13T18:36:14.156601Z",219,"/data/upload/2/ce6407b2-streetwear_279.jpg",3.385,"2025-07-13T18:36:14.156635Z"
221,"1","streetwear","2025-07-13T18:34:59.614964Z",220,"/data/upload/2/143c1cbf-streetwear_278.jpg",2.16,"2025-07-13T18:34:59.614999Z"
228,"1","streetwear","2025-07-13T18:36:21.510542Z",221,"/data/upload/2/883bc762-streetwear_277.jpg",2.519,"2025-07-13T18:36:21.510575Z"
229,"1","streetwear","2025-07-13T18:36:26.825440Z",222,"/data/upload/2/83011649-streetwear_276.jpg",3.681,"2025-07-13T18:36:26.825470Z"
230,"1","streetwear","2025-07-13T18:36:34.984627Z",223,"/data/upload/2/853729a2-streetwear_274.jpg",5.081,"2025-07-13T18:36:34.984657Z"
231,"1","casual","2025-07-13T18:37:21.165889Z",224,"/data/upload/2/b555af6f-streetwear_268.jpg",4.133,"2025-07-13T18:37:21.165928Z"
232,"1","streetwear","2025-07-13T18:37:38.741159Z",225,"/data/upload/2/6174be3b-streetwear_267.jpg",4.455,"2025-07-13T18:37:38.741194Z"
233,"1","streetwear","2025-07-13T18:37:43.101683Z",226,"/data/upload/2/bfb7dee5-streetwear_266.jpg",3.368,"2025-07-13T18:37:43.101725Z"
234,"1","streetwear","2025-07-13T18:37:47.217870Z",227,"/data/upload/2/eda6ca51-streetwear_265.jpg",2.505,"2025-07-13T18:37:47.217904Z"
241,"1","sporty","2025-07-13T18:39:05.485277Z",228,"/data/upload/2/010c2f93-streetwear_263.jpg",8.657,"2025-07-13T18:39:05.485297Z"
235,"1","streetwear","2025-07-13T18:38:08.703497Z",229,"/data/upload/2/88140694-streetwear_252.jpg",6.005,"2025-07-13T18:38:08.703526Z"
236,"1","casual","2025-07-13T18:38:15.097754Z",230,"/data/upload/2/6778214d-streetwear_251.jpg",5.377,"2025-07-13T18:38:15.097787Z"
237,"1","sporty","2025-07-13T18:38:21.646427Z",231,"/data/upload/2/00eaddaa-streetwear_249.jpg",2.308,"2025-07-13T18:38:21.646475Z"
242,"1","streetwear","2025-07-13T18:39:10.492168Z",232,"/data/upload/2/be0ae109-streetwear_247.jpg",2.233,"2025-07-13T18:39:10.492200Z"
238,"1","casual","2025-07-13T18:38:27.672500Z",233,"/data/upload/2/42ef4174-streetwear_246.jpg",4.6,"2025-07-13T18:38:27.672535Z"
239,"1","casual","2025-07-13T18:38:35.834227Z",234,"/data/upload/2/465e2190-streetwear_245.jpg",6.695,"2025-07-13T18:38:35.834255Z"
240,"1","formal","2025-07-13T18:38:40.911674Z",235,"/data/upload/2/26e7bd6d-streetwear_244.jpg",3.055,"2025-07-13T18:38:40.911704Z"
243,"1","streetwear","2025-07-13T18:39:15.228819Z",236,"/data/upload/2/4d172fcb-streetwear_243.jpg",1.939,"2025-07-13T18:39:15.228854Z"
244,"1","streetwear","2025-07-13T18:39:48.748716Z",237,"/data/upload/2/60b58b12-streetwear_239.jpg",2.284,"2025-07-13T18:39:48.748744Z"
245,"1","streetwear","2025-07-13T18:39:52.197606Z",238,"/data/upload/2/fc9c79a5-streetwear_236.jpg",1.954,"2025-07-13T18:39:52.197635Z"
246,"1","casual","2025-07-13T18:39:56.349552Z",239,"/data/upload/2/e333dc33-streetwear_233.jpg",2.218,"2025-07-13T18:39:56.349581Z"
253,"1","streetwear","2025-07-13T18:41:12.224711Z",240,"/data/upload/2/ad42ba8f-streetwear_225.jpg",2.761,"2025-07-13T18:41:12.224740Z"
247,"1","casual","2025-07-13T18:40:03.736306Z",241,"/data/upload/2/8f3d163d-streetwear_216.jpg",2.554,"2025-07-13T18:40:03.736352Z"
248,"1","vintage","2025-07-13T18:40:10.218599Z",242,"/data/upload/2/330f7d3f-streetwear_214.jpg",5.098,"2025-07-13T18:40:10.218625Z"
249,"1","casual","2025-07-13T18:40:20.118209Z",243,"/data/upload/2/c5de86be-streetwear_210.jpg",3.68,"2025-07-13T18:40:20.118241Z"
254,"1","streetwear","2025-07-13T18:41:36.305026Z",244,"/data/upload/2/a2abe548-streetwear_209.jpg",21.772,"2025-07-13T18:41:36.305060Z"
250,"1","streetwear","2025-07-13T18:40:27.677671Z",245,"/data/upload/2/53fb9c8c-streetwear_207.jpg",3.824,"2025-07-13T18:40:27.677700Z"
251,"1","sporty","2025-07-13T18:40:37.109192Z",246,"/data/upload/2/2661d01a-streetwear_206.jpg",5.721,"2025-07-13T18:40:37.109219Z"
252,"1","streetwear","2025-07-13T18:40:44.086694Z",247,"/data/upload/2/a16e08e2-streetwear_204.jpg",3.006,"2025-07-13T18:40:44.086722Z"
581,"1","casual","2025-07-13T20:46:12.950699Z",248,"/data/upload/2/4e99d226-streetwear_201.jpg",3.256,"2025-07-13T20:46:12.950731Z"
255,"1","streetwear","2025-07-13T18:42:10.659139Z",249,"/data/upload/2/7d450d0b-streetwear_200.jpg",3.513,"2025-07-13T18:42:10.659171Z"
256,"1","casual","2025-07-13T18:42:14.636037Z",250,"/data/upload/2/d42a95e5-streetwear_198.jpg",2.728,"2025-07-13T18:42:14.636067Z"
257,"1","streetwear","2025-07-13T18:42:22.393730Z",251,"/data/upload/2/0bfeb59b-streetwear_197.jpg",6.475,"2025-07-13T18:42:22.393766Z"
265,"1","streetwear","2025-07-13T18:44:33.621697Z",252,"/data/upload/2/f2bfcc7b-streetwear_195.jpg",42.6,"2025-07-13T18:44:33.621720Z"
258,"1","streetwear","2025-07-13T18:42:34.759885Z",253,"/data/upload/2/defeafe8-streetwear_192.jpg",9.686,"2025-07-13T18:42:34.759916Z"
259,"1","casual","2025-07-13T18:42:44.874255Z",254,"/data/upload/2/fb0524b6-streetwear_191.jpg",7.084,"2025-07-13T18:42:44.874293Z"
260,"1","vintage","2025-07-13T18:42:53.742387Z",255,"/data/upload/2/c18b80bf-streetwear_188.jpg",5.715,"2025-07-13T18:42:53.742413Z"
264,"1","sporty","2025-07-13T18:43:44.577858Z",256,"/data/upload/2/9fc98df4-streetwear_186.jpg",4.353,"2025-07-13T18:44:37.485747Z"
261,"1","vintage","2025-07-13T18:43:02.901317Z",257,"/data/upload/2/489aed16-streetwear_184.jpg",5.224,"2025-07-13T18:43:02.901353Z"
262,"1","streetwear","2025-07-13T18:43:06.852457Z",258,"/data/upload/2/f9025f1a-streetwear_182.jpg",2.125,"2025-07-13T18:43:06.852507Z"
263,"1","formal","2025-07-13T18:43:11.367426Z",259,"/data/upload/2/255e7840-streetwear_181.jpg",3.091,"2025-07-13T18:43:11.367450Z"
266,"1","streetwear","2025-07-13T18:44:48.282193Z",260,"/data/upload/2/8062811b-streetwear_179.jpg",8.952,"2025-07-13T18:44:48.282214Z"
267,"1","casual","2025-07-13T18:45:26.110878Z",261,"/data/upload/2/437fb028-streetwear_177.jpg",3.336,"2025-07-13T18:45:26.110909Z"
268,"1","streetwear","2025-07-13T18:45:30.698072Z",262,"/data/upload/2/86c8f365-streetwear_173.jpg",3.376,"2025-07-13T18:45:30.698141Z"
269,"1","streetwear","2025-07-13T18:45:41.913826Z",263,"/data/upload/2/88586540-streetwear_170.jpg",7.247,"2025-07-13T18:45:41.913859Z"
277,"1","casual","2025-07-13T18:48:06.301763Z",264,"/data/upload/2/24a47c22-streetwear_164.jpg",7.106,"2025-07-13T18:48:06.301793Z"
270,"1","sporty","2025-07-13T18:45:58.333237Z",265,"/data/upload/2/600b28dc-streetwear_160.jpg",2.608,"2025-07-13T18:45:58.333278Z"
271,"1","casual","2025-07-13T18:46:05.378065Z",266,"/data/upload/2/aee81253-streetwear_158.jpg",2.188,"2025-07-13T18:46:05.378105Z"
272,"1","streetwear","2025-07-13T18:46:12.970635Z",267,"/data/upload/2/59b3058c-streetwear_157.jpg",2.332,"2025-07-13T18:46:12.970677Z"
273,"1","vintage","2025-07-13T18:46:19.667868Z",268,"/data/upload/2/5cdc34fc-streetwear_153.jpg",5.26,"2025-07-13T18:46:19.667897Z"
274,"1","streetwear","2025-07-13T18:46:27.792013Z",269,"/data/upload/2/025514c5-streetwear_150.jpg",6.329,"2025-07-13T18:46:27.792061Z"
275,"1","streetwear","2025-07-13T18:46:37.080479Z",270,"/data/upload/2/a7eceab5-streetwear_148.jpg",6.664,"2025-07-13T18:46:37.080518Z"
276,"1","streetwear","2025-07-13T18:46:44.444760Z",271,"/data/upload/2/c6f4408b-streetwear_140.jpg",5.997,"2025-07-13T18:46:44.444784Z"
278,"1","vintage","2025-07-13T18:48:24.610301Z",272,"/data/upload/2/d77582f6-streetwear_137.jpg",2.377,"2025-07-13T18:48:24.610343Z"
279,"1","casual","2025-07-13T18:50:04.385210Z",273,"/data/upload/2/7f82037b-streetwear_134.jpg",9.495,"2025-07-13T18:50:04.385244Z"
280,"1","streetwear","2025-07-13T18:50:08.147950Z",274,"/data/upload/2/e80db822-streetwear_133.jpg",2.692,"2025-07-13T18:50:08.147986Z"
281,"1","streetwear","2025-07-13T18:50:16.036816Z",275,"/data/upload/2/b42c6ac2-streetwear_129.jpg",6.81,"2025-07-13T18:50:16.036849Z"
282,"1","sporty","2025-07-13T18:50:20.810909Z",276,"/data/upload/2/eda5d662-streetwear_127.jpg",3.657,"2025-07-13T18:50:20.810941Z"
582,"1","formal","2025-07-13T20:47:10.200122Z",277,"/data/upload/2/1d79d93b-streetwear_126.jpg",3.658,"2025-07-13T20:47:10.200152Z"
283,"1","sporty","2025-07-13T18:50:45.451164Z",278,"/data/upload/2/81a75af0-streetwear_125.jpg",22.306,"2025-07-13T18:50:45.451198Z"
284,"1","streetwear","2025-07-13T18:51:02.245704Z",279,"/data/upload/2/181aeaa1-streetwear_123.jpg",15.757,"2025-07-13T18:51:02.245737Z"
285,"1","vintage","2025-07-13T18:51:07.371060Z",280,"/data/upload/2/37cff930-streetwear_119.jpg",3.374,"2025-07-13T18:51:07.371093Z"
286,"1","casual","2025-07-13T18:51:15.741428Z",281,"/data/upload/2/6a50402c-streetwear_109.jpg",5.393,"2025-07-13T18:51:15.741480Z"
287,"1","sporty","2025-07-13T18:51:22.832693Z",282,"/data/upload/2/5f1ed3c6-streetwear_107.jpg",2.4,"2025-07-13T18:51:22.832746Z"
288,"1","formal","2025-07-13T18:51:28.450966Z",283,"/data/upload/2/757ac245-streetwear_106.jpg",3.092,"2025-07-13T18:51:28.450994Z"
289,"1","streetwear","2025-07-13T18:51:33.028908Z",284,"/data/upload/2/e41fdee5-streetwear_104.jpg",2.777,"2025-07-13T18:51:33.028939Z"
290,"1","streetwear","2025-07-13T18:52:27.309648Z",285,"/data/upload/2/c053a707-streetwear_102.jpg",10.772,"2025-07-13T18:52:27.309677Z"
291,"1","streetwear","2025-07-13T18:52:30.596526Z",286,"/data/upload/2/525e0ce8-streetwear_100.jpg",2.126,"2025-07-13T18:52:30.596552Z"
292,"1","streetwear","2025-07-13T18:52:35.555130Z",287,"/data/upload/2/63679b8e-streetwear_94.jpg",3.702,"2025-07-13T18:52:35.555156Z"
293,"1","vintage","2025-07-13T18:52:42.638588Z",288,"/data/upload/2/aa30f5e2-streetwear_89.jpg",3.68,"2025-07-13T18:52:42.638623Z"
294,"1","streetwear","2025-07-13T18:52:47.003419Z",289,"/data/upload/2/01c5e3ca-streetwear_86.jpg",3.186,"2025-07-13T18:52:47.003468Z"
295,"1","casual","2025-07-13T18:52:53.485996Z",290,"/data/upload/2/82881a78-streetwear_85.jpg",4.837,"2025-07-13T18:52:53.486020Z"
296,"1","streetwear","2025-07-13T18:52:59.142450Z",291,"/data/upload/2/31eab7d5-streetwear_84.jpg",4.141,"2025-07-13T18:52:59.142494Z"
297,"1","streetwear","2025-07-13T18:53:03.010464Z",292,"/data/upload/2/75b0040f-streetwear_82.jpg",2.494,"2025-07-13T18:53:03.010491Z"
298,"1","streetwear","2025-07-13T18:53:09.066664Z",293,"/data/upload/2/6aa643b9-streetwear_80.jpg",4.088,"2025-07-13T18:53:09.066708Z"
299,"1","streetwear","2025-07-13T18:53:13.619489Z",294,"/data/upload/2/7c145f35-streetwear_79.jpg",15.117999999999999,"2025-07-13T18:53:37.150266Z"
300,"1","vintage","2025-07-13T18:53:42.282105Z",295,"/data/upload/2/97603df8-streetwear_74.jpg",2.975,"2025-07-13T18:53:42.282182Z"
301,"1","casual","2025-07-13T18:53:50.316899Z",296,"/data/upload/2/3e6fd409-streetwear_73.jpg",81.48100000000001,"2025-07-13T18:55:08.874552Z"
302,"1","casual","2025-07-13T18:55:12.096504Z",297,"/data/upload/2/7a0eee0a-streetwear_71.jpg",12.334,"2025-07-13T18:55:42.479047Z"
303,"1","streetwear","2025-07-13T18:55:16.394089Z",298,"/data/upload/2/ff814a8f-streetwear_70.jpg",3.213,"2025-07-13T18:55:16.394125Z"
304,"1","streetwear","2025-07-13T18:55:50.591735Z",299,"/data/upload/2/2970a213-streetwear_65.jpg",2.576,"2025-07-13T18:55:50.591783Z"
305,"1","sporty","2025-07-13T18:55:54.403971Z",300,"/data/upload/2/8b539e4f-streetwear_64.jpg",2.827,"2025-07-13T18:55:54.404020Z"
306,"1","formal","2025-07-13T18:55:59.209270Z",301,"/data/upload/2/736a483b-streetwear_60.jpg",3.442,"2025-07-13T18:55:59.209294Z"
307,"1","streetwear","2025-07-13T18:56:02.398755Z",302,"/data/upload/2/f58a8349-streetwear_51.jpg",2.145,"2025-07-13T18:56:02.398783Z"
308,"1","sporty","2025-07-13T18:56:05.907559Z",303,"/data/upload/2/046f1ae3-streetwear_49.jpg",2.372,"2025-07-13T18:56:05.907594Z"
309,"1","streetwear","2025-07-13T18:56:09.904683Z",304,"/data/upload/2/5fe2fc4e-streetwear_42.jpg",2.855,"2025-07-13T18:56:09.904729Z"
310,"1","formal","2025-07-13T18:56:14.682279Z",305,"/data/upload/2/2b600da6-streetwear_31.jpg",3.365,"2025-07-13T18:56:14.682312Z"
311,"1","casual","2025-07-13T18:56:18.082229Z",306,"/data/upload/2/211bc13f-streetwear_28.jpg",2.447,"2025-07-13T18:56:18.082262Z"
312,"1","streetwear","2025-07-13T18:56:23.928157Z",307,"/data/upload/2/ddb4a2a5-streetwear_18.jpg",2.239,"2025-07-13T18:56:23.928188Z"
313,"1","casual","2025-07-13T18:56:27.877025Z",308,"/data/upload/2/350fa182-streetwear_14.jpg",2.923,"2025-07-13T18:56:27.877058Z"
314,"1","casual","2025-07-13T18:58:30.582074Z",309,"/data/upload/2/bb1a94a7-streetwear_12.jpg",68.929,"2025-07-13T18:58:30.582112Z"
315,"1","casual","2025-07-13T18:58:36.398286Z",310,"/data/upload/2/e8dc3dcf-streetwear_11.jpg",2.087,"2025-07-13T18:58:36.398315Z"
316,"1","streetwear","2025-07-13T18:58:40.658282Z",311,"/data/upload/2/e22b9ac3-streetwear_10.jpg",2.6,"2025-07-13T18:58:40.658309Z"
317,"1","streetwear","2025-07-13T18:58:44.162965Z",312,"/data/upload/2/fdef9e63-streetwear_8.jpg",2.395,"2025-07-13T18:58:44.162993Z"
318,"1","sporty","2025-07-13T18:58:47.086566Z",313,"/data/upload/2/e5b26a31-streetwear_4.jpg",2.06,"2025-07-13T18:58:47.086600Z"
319,"1","sporty","2025-07-13T18:58:50.465086Z",314,"/data/upload/2/43b7bb6e-streetwear_3.jpg",2.229,"2025-07-13T18:58:50.465118Z"
320,"1","casual","2025-07-13T18:58:54.966040Z",315,"/data/upload/2/81e4ae22-streetwear_1.jpg",3.042,"2025-07-13T18:58:54.966072Z"
321,"1","streetwear","2025-07-13T18:58:57.782503Z",316,"/data/upload/2/7c6fb139-fashion_346.jpg",1.86,"2025-07-13T18:58:57.782543Z"
322,"1","vintage","2025-07-13T18:59:02.953786Z",317,"/data/upload/2/dcdde719-fashion_345.jpg",3.235,"2025-07-13T18:59:02.953824Z"
323,"1","formal","2025-07-13T18:59:06.507038Z",318,"/data/upload/2/6a486e8f-fashion_344.jpg",2.692,"2025-07-13T18:59:06.507069Z"
324,"1","casual","2025-07-13T18:59:10.462302Z",319,"/data/upload/2/3512f786-fashion_343.jpg",2.535,"2025-07-13T18:59:10.462331Z"
325,"1","formal","2025-07-13T18:59:13.866507Z",320,"/data/upload/2/562d0def-fashion_342.jpg",2.457,"2025-07-13T18:59:13.866537Z"
326,"1","streetwear","2025-07-13T19:00:34.970096Z",321,"/data/upload/2/0eade6c7-fashion_340.jpg",41.899,"2025-07-13T19:00:34.970122Z"
327,"1","formal","2025-07-13T19:00:41.470499Z",322,"/data/upload/2/cc4b1181-fashion_339.jpg",5.526,"2025-07-13T19:00:41.470547Z"
328,"1","formal","2025-07-13T19:00:45.974714Z",323,"/data/upload/2/c190de36-fashion_336.jpg",2.511,"2025-07-13T19:00:45.974761Z"
329,"1","formal","2025-07-13T19:00:51.960337Z",324,"/data/upload/2/14271c5e-fashion_335.jpg",4.566,"2025-07-13T19:00:51.960365Z"
330,"1","streetwear","2025-07-13T19:00:55.304316Z",325,"/data/upload/2/08b394e5-fashion_334.jpg",2.265,"2025-07-13T19:00:55.304348Z"
331,"1","formal","2025-07-13T19:01:00.153089Z",326,"/data/upload/2/d942bfac-fashion_333.jpg",3.55,"2025-07-13T19:01:00.153116Z"
332,"1","casual","2025-07-13T19:01:04.630628Z",327,"/data/upload/2/4310bc10-fashion_332.jpg",2.451,"2025-07-13T19:01:04.630681Z"
333,"1","casual","2025-07-13T19:01:10.175545Z",328,"/data/upload/2/e48f0979-fashion_331.jpg",4.008,"2025-07-13T19:01:10.175576Z"
334,"1","formal","2025-07-13T19:01:13.755542Z",329,"/data/upload/2/7237a42e-fashion_330.jpg",2.675,"2025-07-13T19:01:13.755580Z"
335,"1","streetwear","2025-07-13T19:01:16.969899Z",330,"/data/upload/2/ce54077d-fashion_329.jpg",2.329,"2025-07-13T19:01:16.969935Z"
336,"1","formal","2025-07-13T19:01:22.949846Z",331,"/data/upload/2/3618a19c-fashion_327.jpg",2.799,"2025-07-13T19:01:22.949874Z"
337,"1","formal","2025-07-13T19:01:26.181794Z",332,"/data/upload/2/d3b16496-fashion_325.jpg",2.305,"2025-07-13T19:01:26.181836Z"
338,"1","formal","2025-07-13T19:02:18.524888Z",333,"/data/upload/2/dec3ab1e-fashion_320.jpg",10.119,"2025-07-13T19:02:18.524920Z"
339,"1","formal","2025-07-13T19:02:21.802016Z",334,"/data/upload/2/a28e3b90-fashion_319.jpg",2.29,"2025-07-13T19:02:21.802044Z"
340,"1","formal","2025-07-13T19:02:28.811729Z",335,"/data/upload/2/d5f33250-fashion_316.jpg",5.754,"2025-07-13T19:02:28.811758Z"
341,"1","formal","2025-07-13T19:02:31.905160Z",336,"/data/upload/2/7810ac65-fashion_315.jpg",2.228,"2025-07-13T19:02:31.905206Z"
342,"1","casual","2025-07-13T19:02:36.383438Z",337,"/data/upload/2/8482dafd-fashion_314.jpg",2.64,"2025-07-13T19:02:36.383476Z"
343,"1","sporty","2025-07-13T19:02:42.413305Z",338,"/data/upload/2/30598511-fashion_313.jpg",5.202,"2025-07-13T19:02:42.413355Z"
344,"1","streetwear","2025-07-13T19:02:45.908659Z",339,"/data/upload/2/d2ab06b4-fashion_312.jpg",1.913,"2025-07-13T19:02:45.908684Z"
345,"1","streetwear","2025-07-13T19:02:52.945832Z",340,"/data/upload/2/41a98bf9-fashion_310.jpg",6.178,"2025-07-13T19:02:52.945871Z"
346,"1","casual","2025-07-13T19:02:56.900438Z",341,"/data/upload/2/fbccd209-fashion_309.jpg",2.901,"2025-07-13T19:02:56.900468Z"
347,"1","streetwear","2025-07-13T19:03:00.314710Z",342,"/data/upload/2/a9a70574-fashion_305.jpg",2.525,"2025-07-13T19:03:00.314753Z"
348,"1","casual","2025-07-13T19:03:04.885782Z",343,"/data/upload/2/e9c5e6f7-fashion_304.jpg",3.172,"2025-07-13T19:03:04.885811Z"
349,"1","casual","2025-07-13T19:03:08.593517Z",344,"/data/upload/2/2aab8fb8-fashion_302.jpg",2.734,"2025-07-13T19:03:08.593554Z"
350,"1","streetwear","2025-07-13T19:03:58.080449Z",345,"/data/upload/2/d9b84530-fashion_301.jpg",12.129,"2025-07-13T19:03:58.080478Z"
351,"1","formal","2025-07-13T19:04:02.299309Z",346,"/data/upload/2/e76083e4-fashion_298.jpg",2.982,"2025-07-13T19:04:02.299337Z"
352,"1","formal","2025-07-13T19:04:06.779467Z",347,"/data/upload/2/92c0f029-fashion_297.jpg",3.289,"2025-07-13T19:04:06.779526Z"
353,"1","formal","2025-07-13T19:04:10.218036Z",348,"/data/upload/2/00892049-fashion_295.jpg",2.334,"2025-07-13T19:04:10.218076Z"
354,"1","formal","2025-07-13T19:04:13.694696Z",349,"/data/upload/2/bf644841-fashion_294.jpg",2.398,"2025-07-13T19:04:13.694728Z"
355,"1","streetwear","2025-07-13T19:04:17.082303Z",350,"/data/upload/2/4903da7a-fashion_293.jpg",2.46,"2025-07-13T19:04:17.082345Z"
356,"1","casual","2025-07-13T19:04:23.512292Z",351,"/data/upload/2/b296f363-fashion_292.jpg",3.014,"2025-07-13T19:04:23.512320Z"
357,"1","formal","2025-07-13T19:04:29.328692Z",352,"/data/upload/2/06d97fb8-fashion_291.jpg",2.689,"2025-07-13T19:04:29.328732Z"
358,"1","formal","2025-07-13T19:04:32.695410Z",353,"/data/upload/2/221c2d81-fashion_288.jpg",2.393,"2025-07-13T19:04:32.695456Z"
359,"1","vintage","2025-07-13T19:04:36.031829Z",354,"/data/upload/2/a57b4d15-fashion_285.jpg",2.263,"2025-07-13T19:04:36.031856Z"
360,"1","casual","2025-07-13T19:04:40.902532Z",355,"/data/upload/2/a630909a-fashion_283.jpg",2.798,"2025-07-13T19:04:40.902567Z"
361,"1","streetwear","2025-07-13T19:04:44.132290Z",356,"/data/upload/2/6973059f-fashion_282.jpg",2.079,"2025-07-13T19:04:44.132328Z"
362,"1","vintage","2025-07-13T19:06:11.226318Z",357,"/data/upload/2/ab85aaad-fashion_281.jpg",48.387,"2025-07-13T19:06:11.226350Z"
363,"1","vintage","2025-07-13T19:06:16.150630Z",358,"/data/upload/2/93d1c7e9-fashion_280.jpg",3.841,"2025-07-13T19:06:16.150680Z"
364,"1","casual","2025-07-13T19:06:19.845550Z",359,"/data/upload/2/5dbc1656-fashion_279.jpg",2.847,"2025-07-13T19:06:19.845587Z"
365,"1","casual","2025-07-13T19:06:24.244988Z",360,"/data/upload/2/61390a39-fashion_278.jpg",2.927,"2025-07-13T19:06:24.245022Z"
366,"1","formal","2025-07-13T19:06:27.454376Z",361,"/data/upload/2/b28be9e1-fashion_277.jpg",2.321,"2025-07-13T19:06:27.454416Z"
367,"1","formal","2025-07-13T19:06:31.472224Z",362,"/data/upload/2/9c0a6618-fashion_276.jpg",2.39,"2025-07-13T19:06:31.472250Z"
368,"1","streetwear","2025-07-13T19:06:36.992615Z",363,"/data/upload/2/c3ddf5f9-fashion_275.jpg",3.132,"2025-07-13T19:06:36.992643Z"
369,"1","formal","2025-07-13T19:06:41.373517Z",364,"/data/upload/2/4b414ac5-fashion_274.jpg",2.308,"2025-07-13T19:06:41.373550Z"
370,"1","casual","2025-07-13T19:06:45.722785Z",365,"/data/upload/2/53d32f19-fashion_270.jpg",2.997,"2025-07-13T19:06:45.722808Z"
371,"1","casual","2025-07-13T19:06:49.922600Z",366,"/data/upload/2/414016bd-fashion_269.jpg",1.954,"2025-07-13T19:06:49.922634Z"
372,"1","vintage","2025-07-13T19:06:54.378514Z",367,"/data/upload/2/86868006-fashion_268.jpg",3.404,"2025-07-13T19:06:54.378546Z"
373,"1","formal","2025-07-13T19:06:58.226245Z",368,"/data/upload/2/4505d8ff-fashion_267.jpg",2.836,"2025-07-13T19:06:58.226287Z"
374,"1","formal","2025-07-13T19:46:50.040013Z",369,"/data/upload/2/8ba5136d-fashion_266.jpg",4.882,"2025-07-13T19:46:50.040065Z"
375,"1","streetwear","2025-07-13T19:49:30.588594Z",370,"/data/upload/2/da4ab537-fashion_264.jpg",3.001,"2025-07-13T19:49:30.588624Z"
376,"1","sporty","2025-07-13T19:49:33.889328Z",371,"/data/upload/2/f13ffb44-fashion_263.jpg",2.301,"2025-07-13T19:49:33.889353Z"
377,"1","vintage","2025-07-13T19:49:37.114348Z",372,"/data/upload/2/b66dddc1-fashion_262.jpg",2.119,"2025-07-13T19:49:37.114379Z"
378,"1","streetwear","2025-07-13T19:49:41.083928Z",373,"/data/upload/2/0e2876b4-fashion_261.jpg",2.058,"2025-07-13T19:49:41.083962Z"
379,"1","formal","2025-07-13T19:49:46.646722Z",374,"/data/upload/2/49d7715d-fashion_260.jpg",3.652,"2025-07-13T19:49:46.646755Z"
380,"1","formal","2025-07-13T19:49:51.372521Z",375,"/data/upload/2/95439fad-fashion_259.jpg",3.616,"2025-07-13T19:49:51.372585Z"
381,"1","streetwear","2025-07-13T19:49:55.583968Z",376,"/data/upload/2/924a3b23-fashion_257.jpg",2.017,"2025-07-13T19:49:55.584130Z"
382,"1","casual","2025-07-13T19:49:59.677906Z",377,"/data/upload/2/f8e52ac7-fashion_256.jpg",2.563,"2025-07-13T19:49:59.677948Z"
383,"1","streetwear","2025-07-13T19:50:03.326787Z",378,"/data/upload/2/fb735942-fashion_254.jpg",2.526,"2025-07-13T19:50:03.326832Z"
384,"1","casual","2025-07-13T19:50:06.641632Z",379,"/data/upload/2/03464913-fashion_253.jpg",2.549,"2025-07-13T19:50:06.641669Z"
385,"1","formal","2025-07-13T19:50:11.127478Z",380,"/data/upload/2/d7ce0e7b-fashion_251.jpg",3.664,"2025-07-13T19:50:11.127513Z"
386,"1","vintage","2025-07-13T19:51:16.308125Z",381,"/data/upload/2/68a3459c-fashion_250.jpg",12.128,"2025-07-13T19:51:16.308183Z"
387,"1","formal","2025-07-13T19:51:19.555792Z",382,"/data/upload/2/4e2c7f83-fashion_247.jpg",2.175,"2025-07-13T19:51:19.555821Z"
388,"1","formal","2025-07-13T19:51:23.270693Z",383,"/data/upload/2/7ef38a8b-fashion_246.jpg",2.61,"2025-07-13T19:51:23.270738Z"
389,"1","casual","2025-07-13T19:51:27.141534Z",384,"/data/upload/2/3941caaa-fashion_245.jpg",2.603,"2025-07-13T19:51:27.141575Z"
390,"1","streetwear","2025-07-13T19:51:30.478744Z",385,"/data/upload/2/f3c66f74-fashion_242.jpg",2.329,"2025-07-13T19:51:30.478783Z"
391,"1","casual","2025-07-13T19:51:33.857507Z",386,"/data/upload/2/06569ab5-fashion_241.jpg",2.405,"2025-07-13T19:51:33.857546Z"
392,"1","formal","2025-07-13T19:51:37.985559Z",387,"/data/upload/2/97c5ee64-fashion_236.jpg",2.839,"2025-07-13T19:51:37.985590Z"
393,"1","vintage","2025-07-13T19:51:41.347216Z",388,"/data/upload/2/6cefd2ba-fashion_235.jpg",2.49,"2025-07-13T19:51:41.347251Z"
394,"1","vintage","2025-07-13T19:51:44.824935Z",389,"/data/upload/2/523db8ca-fashion_234.jpg",2.362,"2025-07-13T19:51:44.824968Z"
395,"1","streetwear","2025-07-13T19:51:49.630220Z",390,"/data/upload/2/4ff03a3f-fashion_232.jpg",2.454,"2025-07-13T19:51:49.630251Z"
396,"1","formal","2025-07-13T19:51:53.288411Z",391,"/data/upload/2/8ccde4c6-fashion_231.jpg",2.751,"2025-07-13T19:51:53.288452Z"
397,"1","formal","2025-07-13T19:51:57.782190Z",392,"/data/upload/2/094333bc-fashion_230.jpg",3.416,"2025-07-13T19:51:57.782223Z"
398,"1","streetwear","2025-07-13T19:56:41.391015Z",393,"/data/upload/2/2561d3f4-fashion_229.jpg",246.018,"2025-07-13T19:56:41.391041Z"
399,"1","streetwear","2025-07-13T19:56:45.177586Z",394,"/data/upload/2/1cbfa917-fashion_228.jpg",2.554,"2025-07-13T19:56:45.177618Z"
400,"1","streetwear","2025-07-13T19:56:48.948963Z",395,"/data/upload/2/e7d91a7b-fashion_226.jpg",2.336,"2025-07-13T19:56:48.949033Z"
401,"1","formal","2025-07-13T19:56:52.535779Z",396,"/data/upload/2/93aa6bb0-fashion_223.jpg",2.668,"2025-07-13T19:56:52.535826Z"
402,"1","formal","2025-07-13T19:56:56.511933Z",397,"/data/upload/2/c0371e32-fashion_222.jpg",2.598,"2025-07-13T19:56:56.511971Z"
403,"1","formal","2025-07-13T19:57:00.127523Z",398,"/data/upload/2/eb9e821c-fashion_221.jpg",2.603,"2025-07-13T19:57:00.127547Z"
404,"1","streetwear","2025-07-13T19:57:03.566199Z",399,"/data/upload/2/f08fbe7f-fashion_220.jpg",2.146,"2025-07-13T19:57:03.566235Z"
405,"1","casual","2025-07-13T19:57:07.781544Z",400,"/data/upload/2/8dbe521a-fashion_219.jpg",2.485,"2025-07-13T19:57:07.781574Z"
406,"1","formal","2025-07-13T19:57:13.771417Z",401,"/data/upload/2/0aa1196b-fashion_217.jpg",5.169,"2025-07-13T19:57:13.771448Z"
407,"1","casual","2025-07-13T19:57:19.244515Z",402,"/data/upload/2/ee9d10e5-fashion_216.jpg",2.195,"2025-07-13T19:57:19.244555Z"
408,"1","casual","2025-07-13T19:57:23.195338Z",403,"/data/upload/2/1293f3bf-fashion_215.jpg",2.856,"2025-07-13T19:57:23.195374Z"
409,"1","formal","2025-07-13T19:57:26.936927Z",404,"/data/upload/2/93083a77-fashion_214.jpg",2.477,"2025-07-13T19:57:26.936964Z"
410,"1","casual","2025-07-13T19:58:23.198672Z",405,"/data/upload/2/62d58f1d-fashion_213.jpg",25.022,"2025-07-13T19:58:23.198704Z"
411,"1","vintage","2025-07-13T19:58:27.573160Z",406,"/data/upload/2/5baf6feb-fashion_212.jpg",3.238,"2025-07-13T19:58:27.573198Z"
412,"1","vintage","2025-07-13T19:58:31.368261Z",407,"/data/upload/2/cf55879b-fashion_211.jpg",2.206,"2025-07-13T19:58:31.368291Z"
413,"1","casual","2025-07-13T19:58:35.106769Z",408,"/data/upload/2/a274a931-fashion_210.jpg",2.407,"2025-07-13T19:58:35.106816Z"
414,"1","formal","2025-07-13T19:58:39.473490Z",409,"/data/upload/2/2fbb6f6f-fashion_209.jpg",3.028,"2025-07-13T19:58:39.473525Z"
415,"1","casual","2025-07-13T19:58:43.781242Z",410,"/data/upload/2/9f228c28-fashion_208.jpg",2.789,"2025-07-13T19:58:43.781286Z"
416,"1","sporty","2025-07-13T19:58:54.276715Z",411,"/data/upload/2/a216fdff-fashion_207.jpg",8.558,"2025-07-13T19:58:54.276738Z"
417,"1","formal","2025-07-13T19:58:58.359205Z",412,"/data/upload/2/349e42db-fashion_205.jpg",2.966,"2025-07-13T19:58:58.359245Z"
418,"1","streetwear","2025-07-13T19:59:04.377452Z",413,"/data/upload/2/8a39c894-fashion_204.jpg",2.935,"2025-07-13T19:59:04.377482Z"
419,"1","casual","2025-07-13T19:59:07.494080Z",414,"/data/upload/2/59ae3d71-fashion_203.jpg",2.215,"2025-07-13T19:59:07.494121Z"
420,"1","formal","2025-07-13T19:59:10.907941Z",415,"/data/upload/2/017878fe-fashion_202.jpg",2.308,"2025-07-13T19:59:10.907976Z"
421,"1","casual","2025-07-13T19:59:13.876231Z",416,"/data/upload/2/0436a54a-fashion_201.jpg",1.986,"2025-07-13T19:59:13.876261Z"
422,"1","casual","2025-07-13T20:00:23.551174Z",417,"/data/upload/2/d87f0449-fashion_200.jpg",19.41,"2025-07-13T20:00:23.551195Z"
423,"1","formal","2025-07-13T20:00:27.325011Z",418,"/data/upload/2/cb130824-fashion_199.jpg",2.612,"2025-07-13T20:00:27.325042Z"
424,"1","casual","2025-07-13T20:00:31.608786Z",419,"/data/upload/2/a2d4bae6-fashion_198.jpg",2.295,"2025-07-13T20:00:31.608803Z"
425,"1","streetwear","2025-07-13T20:00:35.274311Z",420,"/data/upload/2/4ad1e34a-fashion_197.jpg",2.302,"2025-07-13T20:00:35.274344Z"
426,"1","formal","2025-07-13T20:00:40.490727Z",421,"/data/upload/2/d6876728-fashion_196.jpg",2.512,"2025-07-13T20:00:40.490762Z"
427,"1","casual","2025-07-13T20:00:44.470378Z",422,"/data/upload/2/683a8739-fashion_195.jpg",2.731,"2025-07-13T20:00:44.470406Z"
428,"1","casual","2025-07-13T20:00:48.692527Z",423,"/data/upload/2/56db0d83-fashion_194.jpg",2.626,"2025-07-13T20:00:48.692560Z"
429,"1","casual","2025-07-13T20:00:54.059417Z",424,"/data/upload/2/dc51a69c-fashion_193.jpg",3.746,"2025-07-13T20:00:54.059451Z"
430,"1","formal","2025-07-13T20:00:58.831591Z",425,"/data/upload/2/6d5fb8b9-fashion_191.jpg",3.204,"2025-07-13T20:00:58.831630Z"
431,"1","formal","2025-07-13T20:01:02.097904Z",426,"/data/upload/2/3620fbf6-fashion_190.jpg",2.134,"2025-07-13T20:01:02.097949Z"
432,"1","casual","2025-07-13T20:01:05.686105Z",427,"/data/upload/2/10188763-fashion_189.jpg",2.137,"2025-07-13T20:01:05.686132Z"
433,"1","casual","2025-07-13T20:01:09.288922Z",428,"/data/upload/2/a6d0d4cd-fashion_188.jpg",2.145,"2025-07-13T20:01:09.288951Z"
434,"1","formal","2025-07-13T20:01:59.648263Z",429,"/data/upload/2/6a1ad96d-fashion_187.jpg",9.677,"2025-07-13T20:01:59.648312Z"
435,"1","casual","2025-07-13T20:02:03.138401Z",430,"/data/upload/2/bed89d85-fashion_185.jpg",2.527,"2025-07-13T20:02:03.138430Z"
436,"1","formal","2025-07-13T20:02:06.146035Z",431,"/data/upload/2/038146a3-fashion_184.jpg",2.026,"2025-07-13T20:02:06.146101Z"
437,"1","formal","2025-07-13T20:02:10.246390Z",432,"/data/upload/2/6165e579-fashion_183.jpg",2.353,"2025-07-13T20:02:10.246423Z"
438,"1","casual","2025-07-13T20:02:15.446089Z",433,"/data/upload/2/24ce2fe6-fashion_182.jpg",2.895,"2025-07-13T20:02:15.446115Z"
439,"1","vintage","2025-07-13T20:02:19.583759Z",434,"/data/upload/2/6962fa79-fashion_181.jpg",3.116,"2025-07-13T20:02:19.583796Z"
440,"1","casual","2025-07-13T20:02:23.841348Z",435,"/data/upload/2/b646e218-fashion_179.jpg",2.774,"2025-07-13T20:02:23.841402Z"
441,"1","formal","2025-07-13T20:02:26.889899Z",436,"/data/upload/2/136b5fe9-fashion_178.jpg",2.042,"2025-07-13T20:02:26.889939Z"
442,"1","casual","2025-07-13T20:02:30.646261Z",437,"/data/upload/2/bf51a174-fashion_177.jpg",5.636,"2025-07-13T20:02:33.873767Z"
443,"1","vintage","2025-07-13T20:02:39.967761Z",438,"/data/upload/2/a2141642-fashion_176.jpg",3.376,"2025-07-13T20:02:39.967803Z"
444,"1","streetwear","2025-07-13T20:02:44.181365Z",439,"/data/upload/2/d4135590-fashion_175.jpg",2.293,"2025-07-13T20:02:44.181397Z"
445,"1","sporty","2025-07-13T20:02:47.548579Z",440,"/data/upload/2/8fee99d7-fashion_174.jpg",2.375,"2025-07-13T20:02:47.548613Z"
446,"1","vintage","2025-07-13T20:03:31.200237Z",441,"/data/upload/2/19f1d397-fashion_173.jpg",7.153,"2025-07-13T20:03:31.200253Z"
447,"1","sporty","2025-07-13T20:03:35.591567Z",442,"/data/upload/2/e2bcb751-fashion_172.jpg",3.265,"2025-07-13T20:03:35.591605Z"
448,"1","casual","2025-07-13T20:03:38.684610Z",443,"/data/upload/2/4e2bac1e-fashion_170.jpg",2.157,"2025-07-13T20:03:38.684640Z"
449,"1","casual","2025-07-13T20:03:42.734313Z",444,"/data/upload/2/a1d494a8-fashion_169.jpg",2.868,"2025-07-13T20:03:42.734342Z"
450,"1","casual","2025-07-13T20:03:46.370244Z",445,"/data/upload/2/c6f148eb-fashion_167.jpg",2.655,"2025-07-13T20:03:46.370282Z"
451,"1","formal","2025-07-13T20:03:50.014550Z",446,"/data/upload/2/b6551fb0-fashion_166.jpg",2.646,"2025-07-13T20:03:50.014601Z"
452,"1","vintage","2025-07-13T20:03:53.065782Z",447,"/data/upload/2/d8bc9e75-fashion_164.jpg",1.999,"2025-07-13T20:03:53.065818Z"
453,"1","streetwear","2025-07-13T20:03:56.589070Z",448,"/data/upload/2/365d0727-fashion_163.jpg",2.498,"2025-07-13T20:03:56.589099Z"
454,"1","vintage","2025-07-13T20:03:59.533901Z",449,"/data/upload/2/878d2391-fashion_162.jpg",1.993,"2025-07-13T20:03:59.533940Z"
455,"1","sporty","2025-07-13T20:04:03.892639Z",450,"/data/upload/2/e34e5387-fashion_161.jpg",2.782,"2025-07-13T20:04:03.892683Z"
456,"1","casual","2025-07-13T20:04:08.270433Z",451,"/data/upload/2/30f29cbd-fashion_160.jpg",2.448,"2025-07-13T20:04:08.270473Z"
457,"1","casual","2025-07-13T20:04:11.648566Z",452,"/data/upload/2/bdcc3a8c-fashion_159.jpg",2.61,"2025-07-13T20:04:11.648606Z"
458,"1","streetwear","2025-07-13T20:04:58.898975Z",453,"/data/upload/2/cc31660d-fashion_158.jpg",3.466,"2025-07-13T20:04:58.899003Z"
459,"1","streetwear","2025-07-13T20:05:02.224350Z",454,"/data/upload/2/ef406113-fashion_157.jpg",1.953,"2025-07-13T20:05:02.224390Z"
460,"1","casual","2025-07-13T20:05:06.243329Z",455,"/data/upload/2/71455b44-fashion_156.jpg",2.497,"2025-07-13T20:05:06.243362Z"
461,"1","formal","2025-07-13T20:05:09.721449Z",456,"/data/upload/2/10849e34-fashion_154.jpg",2.562,"2025-07-13T20:05:09.721474Z"
462,"1","formal","2025-07-13T20:05:24.275978Z",457,"/data/upload/2/af3930cd-fashion_151.jpg",5.282,"2025-07-13T20:05:24.276012Z"
463,"1","casual","2025-07-13T20:05:29.752472Z",458,"/data/upload/2/f32b1ead-fashion_150.jpg",8.741999999999999,"2025-07-13T20:05:29.752506Z"
464,"1","formal","2025-07-13T20:05:34.484651Z",459,"/data/upload/2/9296d8b4-fashion_148.jpg",2.515,"2025-07-13T20:05:34.484679Z"
465,"1","formal","2025-07-13T20:05:37.963263Z",460,"/data/upload/2/1293a2af-fashion_147.jpg",2.558,"2025-07-13T20:05:37.963302Z"
466,"1","formal","2025-07-13T20:05:41.269727Z",461,"/data/upload/2/41f88924-fashion_146.jpg",2.358,"2025-07-13T20:05:41.269757Z"
467,"1","formal","2025-07-13T20:05:44.544387Z",462,"/data/upload/2/1fe25405-fashion_145.jpg",2.384,"2025-07-13T20:05:44.544423Z"
468,"1","formal","2025-07-13T20:05:50.508822Z",463,"/data/upload/2/5cb3d589-fashion_144.jpg",3.06,"2025-07-13T20:05:50.508859Z"
469,"1","sporty","2025-07-13T20:05:54.684790Z",464,"/data/upload/2/3a926d33-fashion_143.jpg",2.368,"2025-07-13T20:05:54.684822Z"
470,"1","formal","2025-07-13T20:07:15.289270Z",465,"/data/upload/2/29032f84-fashion_141.jpg",45.994,"2025-07-13T20:07:15.289295Z"
471,"1","streetwear","2025-07-13T20:07:19.855359Z",466,"/data/upload/2/856feae8-fashion_140.jpg",2.548,"2025-07-13T20:07:19.855386Z"
472,"1","casual","2025-07-13T20:07:23.359579Z",467,"/data/upload/2/e1b644d8-fashion_139.jpg",2.265,"2025-07-13T20:07:23.359607Z"
473,"1","streetwear","2025-07-13T20:07:26.930009Z",468,"/data/upload/2/12ffaa5d-fashion_138.jpg",2.126,"2025-07-13T20:07:26.930051Z"
474,"1","casual","2025-07-13T20:07:30.427645Z",469,"/data/upload/2/1a25b689-fashion_137.jpg",2.183,"2025-07-13T20:07:30.427673Z"
475,"1","streetwear","2025-07-13T20:07:33.353097Z",470,"/data/upload/2/bb3a94a1-fashion_136.jpg",2.106,"2025-07-13T20:07:33.353132Z"
476,"1","formal","2025-07-13T20:07:36.635065Z",471,"/data/upload/2/b2f9f917-fashion_135.jpg",2.114,"2025-07-13T20:07:36.635092Z"
477,"1","casual","2025-07-13T20:07:40.242667Z",472,"/data/upload/2/b6d2e910-fashion_134.jpg",2.269,"2025-07-13T20:07:40.242698Z"
478,"1","vintage","2025-07-13T20:07:46.782558Z",473,"/data/upload/2/3edb7125-fashion_133.jpg",4.619,"2025-07-13T20:07:46.782588Z"
479,"1","casual","2025-07-13T20:07:50.113868Z",474,"/data/upload/2/ab9138af-fashion_132.jpg",2.472,"2025-07-13T20:07:50.113931Z"
480,"1","formal","2025-07-13T20:07:55.197421Z",475,"/data/upload/2/d1491974-fashion_130.jpg",3.024,"2025-07-13T20:07:55.197447Z"
481,"1","casual","2025-07-13T20:07:58.780204Z",476,"/data/upload/2/45377033-fashion_129.jpg",2.544,"2025-07-13T20:07:58.780241Z"
482,"1","formal","2025-07-13T20:08:57.548640Z",477,"/data/upload/2/f5e56e4e-fashion_128.jpg",24.892,"2025-07-13T20:08:57.548665Z"
483,"1","formal","2025-07-13T20:09:01.711334Z",478,"/data/upload/2/1c113af4-fashion_127.jpg",2.732,"2025-07-13T20:09:01.711364Z"
484,"1","casual","2025-07-13T20:09:05.148293Z",479,"/data/upload/2/172d7e16-fashion_126.jpg",2.541,"2025-07-13T20:09:05.148324Z"
485,"1","formal","2025-07-13T20:09:10.079629Z",480,"/data/upload/2/3ad5b894-fashion_125.jpg",3.432,"2025-07-13T20:09:10.079662Z"
486,"1","formal","2025-07-13T20:09:13.657480Z",481,"/data/upload/2/25f59ed0-fashion_124.jpg",2.385,"2025-07-13T20:09:13.657518Z"
487,"1","streetwear","2025-07-13T20:09:16.920642Z",482,"/data/upload/2/dc49c96a-fashion_123.jpg",2.263,"2025-07-13T20:09:16.920669Z"
488,"1","casual","2025-07-13T20:09:20.706295Z",483,"/data/upload/2/9e70dcac-fashion_122.jpg",2.297,"2025-07-13T20:09:20.706330Z"
489,"1","casual","2025-07-13T20:09:24.673242Z",484,"/data/upload/2/1b02daa2-fashion_121.jpg",2.339,"2025-07-13T20:09:24.673331Z"
490,"1","streetwear","2025-07-13T20:09:27.795557Z",485,"/data/upload/2/d67e8ee7-fashion_120.jpg",2.125,"2025-07-13T20:09:27.795582Z"
491,"1","formal","2025-07-13T20:09:33.985187Z",486,"/data/upload/2/0d604ed9-fashion_119.jpg",2.645,"2025-07-13T20:09:33.985216Z"
492,"1","formal","2025-07-13T20:09:37.432096Z",487,"/data/upload/2/0c59ddc8-fashion_118.jpg",2.296,"2025-07-13T20:09:37.432138Z"
493,"1","streetwear","2025-07-13T20:09:41.354638Z",488,"/data/upload/2/16b3c52e-fashion_117.jpg",3.099,"2025-07-13T20:09:41.354674Z"
494,"1","streetwear","2025-07-13T20:10:30.996987Z",489,"/data/upload/2/642e796f-fashion_116.jpg",13.786,"2025-07-13T20:10:30.997028Z"
495,"1","streetwear","2025-07-13T20:10:34.435366Z",490,"/data/upload/2/77f1a868-fashion_115.jpg",2.187,"2025-07-13T20:10:34.435404Z"
496,"1","formal","2025-07-13T20:10:40.210303Z",491,"/data/upload/2/f0cf6737-fashion_114.jpg",4.448,"2025-07-13T20:10:40.210350Z"
497,"1","streetwear","2025-07-13T20:10:45.192244Z",492,"/data/upload/2/db1e9c2e-fashion_113.jpg",2.143,"2025-07-13T20:10:45.192278Z"
498,"1","formal","2025-07-13T20:10:49.658273Z",493,"/data/upload/2/61696cd2-fashion_112.jpg",2.966,"2025-07-13T20:10:49.658301Z"
499,"1","vintage","2025-07-13T20:10:54.278865Z",494,"/data/upload/2/cb930236-fashion_111.jpg",3.021,"2025-07-13T20:10:54.278902Z"
500,"1","formal","2025-07-13T20:11:00.312846Z",495,"/data/upload/2/6c3f2375-fashion_110.jpg",3.774,"2025-07-13T20:11:00.312897Z"
501,"1","formal","2025-07-13T20:11:06.526221Z",496,"/data/upload/2/5e6e4444-fashion_109.jpg",4.468,"2025-07-13T20:11:06.526258Z"
502,"1","formal","2025-07-13T20:11:11.887467Z",497,"/data/upload/2/305f6a36-fashion_108.jpg",2.372,"2025-07-13T20:11:11.887520Z"
503,"1","vintage","2025-07-13T20:11:15.761550Z",498,"/data/upload/2/24a61b23-fashion_107.jpg",2.796,"2025-07-13T20:11:15.761578Z"
504,"1","streetwear","2025-07-13T20:11:19.398821Z",499,"/data/upload/2/9a2dccc0-fashion_106.jpg",2.394,"2025-07-13T20:11:19.398891Z"
505,"1","casual","2025-07-13T20:11:23.546196Z",500,"/data/upload/2/86c05718-fashion_105.jpg",2.555,"2025-07-13T20:11:23.546222Z"
506,"1","casual","2025-07-13T20:12:09.326056Z",501,"/data/upload/2/bc6db979-fashion_104.jpg",10.906,"2025-07-13T20:12:09.326097Z"
507,"1","casual","2025-07-13T20:12:13.324918Z",502,"/data/upload/2/dd63a221-fashion_103.jpg",2.715,"2025-07-13T20:12:13.324949Z"
508,"1","streetwear","2025-07-13T20:12:17.113554Z",503,"/data/upload/2/e096f8b7-fashion_102.jpg",2.41,"2025-07-13T20:12:17.113604Z"
509,"1","formal","2025-07-13T20:12:23.756431Z",504,"/data/upload/2/9f7e5665-fashion_101.jpg",4.62,"2025-07-13T20:12:23.756466Z"
510,"1","formal","2025-07-13T20:12:30.726391Z",505,"/data/upload/2/73e8ede0-fashion_100.jpg",4.686,"2025-07-13T20:12:30.726415Z"
511,"1","casual","2025-07-13T20:12:34.122002Z",506,"/data/upload/2/bfc17903-fashion_1.jpg",2.596,"2025-07-13T20:12:34.122029Z"
512,"1","sporty","2025-07-13T20:12:40.519480Z",507,"/data/upload/2/b74f7cb2-fashion_99.jpg",4.349,"2025-07-13T20:12:40.519515Z"
513,"1","casual","2025-07-13T20:12:44.622788Z",508,"/data/upload/2/529872b6-fashion_98.jpg",2.345,"2025-07-13T20:12:44.622809Z"
514,"1","streetwear","2025-07-13T20:12:49.007562Z",509,"/data/upload/2/4f03b579-fashion_97.jpg",2.615,"2025-07-13T20:12:49.007594Z"
515,"1","casual","2025-07-13T20:12:52.799534Z",510,"/data/upload/2/44ce6766-fashion_96.jpg",2.804,"2025-07-13T20:12:52.799573Z"
516,"1","casual","2025-07-13T20:13:02.050071Z",511,"/data/upload/2/d54db951-fashion_94.jpg",5.568,"2025-07-13T20:13:02.050100Z"
517,"1","formal","2025-07-13T20:13:05.447473Z",512,"/data/upload/2/8fdd9e62-fashion_93.jpg",2.485,"2025-07-13T20:13:05.447507Z"
518,"1","vintage","2025-07-13T20:14:51.637982Z",513,"/data/upload/2/8568e33f-fashion_92.jpg",75.176,"2025-07-13T20:14:51.638011Z"
519,"1","vintage","2025-07-13T20:14:54.925488Z",514,"/data/upload/2/d3a1d9fe-fashion_91.jpg",6.653,"2025-07-13T20:17:10.728778Z"
520,"1","formal","2025-07-13T20:14:58.758795Z",515,"/data/upload/2/f753d047-fashion_90.jpg",2.589,"2025-07-13T20:14:58.758826Z"
521,"1","streetwear","2025-07-13T20:15:02.426286Z",516,"/data/upload/2/c5ca158f-fashion_89.jpg",5.397,"2025-07-13T20:17:01.833458Z"
522,"1","formal","2025-07-13T20:15:06.421564Z",517,"/data/upload/2/9e4cbb90-fashion_87.jpg",2.746,"2025-07-13T20:15:06.421593Z"
523,"1","formal","2025-07-13T20:15:11.314404Z",518,"/data/upload/2/b7f71544-fashion_85.jpg",3.235,"2025-07-13T20:15:11.314435Z"
524,"1","formal","2025-07-13T20:15:14.917247Z",519,"/data/upload/2/1204c1e0-fashion_84.jpg",2.461,"2025-07-13T20:15:14.917284Z"
525,"1","casual","2025-07-13T20:15:20.239438Z",520,"/data/upload/2/e660da87-fashion_83.jpg",2.77,"2025-07-13T20:15:20.239467Z"
526,"1","vintage","2025-07-13T20:15:24.894767Z",521,"/data/upload/2/f0d2424b-fashion_81.jpg",6.632,"2025-07-13T20:16:02.654351Z"
527,"1","formal","2025-07-13T20:15:28.415060Z",522,"/data/upload/2/68a91b68-fashion_80.jpg",1.907,"2025-07-13T20:15:28.415092Z"
528,"1","formal","2025-07-13T20:15:35.205551Z",523,"/data/upload/2/2a4eae5e-fashion_79.jpg",5.786,"2025-07-13T20:15:35.205580Z"
529,"1","formal","2025-07-13T20:15:54.037427Z",524,"/data/upload/2/5f10be71-fashion_78.jpg",6.273,"2025-07-13T20:15:54.037452Z"
530,"1","streetwear","2025-07-13T20:18:34.761064Z",525,"/data/upload/2/45537098-fashion_77.jpg",5.038,"2025-07-13T20:18:34.761082Z"
531,"1","casual","2025-07-13T20:18:38.167999Z",526,"/data/upload/2/c0be2ee4-fashion_76.jpg",2.293,"2025-07-13T20:18:38.168027Z"
532,"1","formal","2025-07-13T20:18:41.575062Z",527,"/data/upload/2/575fe73b-fashion_75.jpg",2.271,"2025-07-13T20:18:41.575098Z"
533,"1","sporty","2025-07-13T20:18:45.257732Z",528,"/data/upload/2/92c296d1-fashion_74.jpg",2.461,"2025-07-13T20:18:45.257762Z"
534,"1","formal","2025-07-13T20:18:48.537260Z",529,"/data/upload/2/14939d2f-fashion_73.jpg",2.306,"2025-07-13T20:18:48.537304Z"
535,"1","streetwear","2025-07-13T20:18:52.102667Z",530,"/data/upload/2/6aff33cc-fashion_72.jpg",2.696,"2025-07-13T20:18:52.102694Z"
536,"1","formal","2025-07-13T20:18:55.663427Z",531,"/data/upload/2/03138d3e-fashion_71.jpg",2.634,"2025-07-13T20:18:55.663477Z"
537,"1","streetwear","2025-07-13T20:19:00.452696Z",532,"/data/upload/2/bc19648e-fashion_70.jpg",2.181,"2025-07-13T20:19:00.452733Z"
538,"1","casual","2025-07-13T20:19:05.714511Z",533,"/data/upload/2/12215cb9-fashion_69.jpg",2.751,"2025-07-13T20:19:05.714554Z"
539,"1","casual","2025-07-13T20:19:09.538229Z",534,"/data/upload/2/f1f7772f-fashion_68.jpg",2.795,"2025-07-13T20:19:09.538261Z"
540,"1","streetwear","2025-07-13T20:19:12.972277Z",535,"/data/upload/2/18d0dc13-fashion_66.jpg",2.139,"2025-07-13T20:19:12.972306Z"
541,"1","formal","2025-07-13T20:19:16.112764Z",536,"/data/upload/2/318610b4-fashion_65.jpg",2.264,"2025-07-13T20:19:16.112807Z"
542,"1","formal","2025-07-13T20:20:21.853683Z",537,"/data/upload/2/178c2019-fashion_63.jpg",3.345,"2025-07-13T20:20:21.853703Z"
543,"1","streetwear","2025-07-13T20:21:03.233061Z",538,"/data/upload/2/7d93619a-fashion_62.jpg",40.22,"2025-07-13T20:21:03.233084Z"
544,"1","casual","2025-07-13T20:21:07.059933Z",539,"/data/upload/2/c5f724db-fashion_61.jpg",2.298,"2025-07-13T20:21:07.059953Z"
545,"1","casual","2025-07-13T20:21:11.436519Z",540,"/data/upload/2/6e7766ee-fashion_60.jpg",2.296,"2025-07-13T20:21:11.436588Z"
546,"1","vintage","2025-07-13T20:21:16.009822Z",541,"/data/upload/2/d2f881da-fashion_59.jpg",3.302,"2025-07-13T20:21:16.009855Z"
547,"1","casual","2025-07-13T20:21:20.025155Z",542,"/data/upload/2/97e8bf4c-fashion_58.jpg",2.504,"2025-07-13T20:21:20.025191Z"
548,"1","casual","2025-07-13T20:21:23.572227Z",543,"/data/upload/2/abe81415-fashion_57.jpg",2.241,"2025-07-13T20:21:23.572269Z"
549,"1","formal","2025-07-13T20:21:27.877886Z",544,"/data/upload/2/99db5b92-fashion_56.jpg",2.323,"2025-07-13T20:21:27.877922Z"
550,"1","casual","2025-07-13T20:22:58.449317Z",545,"/data/upload/2/7f35bbb1-fashion_54.jpg",3.906,"2025-07-13T20:22:58.449354Z"
551,"1","casual","2025-07-13T20:23:02.393511Z",546,"/data/upload/2/63a2d9e9-fashion_53.jpg",2.504,"2025-07-13T20:23:02.393549Z"
552,"1","formal","2025-07-13T20:23:05.655977Z",547,"/data/upload/2/f2c49b61-fashion_52.jpg",2.26,"2025-07-13T20:23:05.656013Z"
553,"1","streetwear","2025-07-13T20:23:10.411208Z",548,"/data/upload/2/c8e0e05a-fashion_51.jpg",3.767,"2025-07-13T20:23:10.411239Z"
554,"1","casual","2025-07-13T20:24:48.970387Z",549,"/data/upload/2/56841d39-fashion_50.jpg",10.976,"2025-07-13T20:24:48.970421Z"
555,"1","formal","2025-07-13T20:24:53.503304Z",550,"/data/upload/2/52ddb7f2-fashion_49.jpg",3.115,"2025-07-13T20:24:53.503335Z"
556,"1","casual","2025-07-13T20:24:57.266430Z",551,"/data/upload/2/4d2fa57d-fashion_46.jpg",2.262,"2025-07-13T20:24:57.266457Z"
557,"1","vintage","2025-07-13T20:25:14.834524Z",552,"/data/upload/2/4b0fba7d-fashion_45.jpg",15.52,"2025-07-13T20:25:14.834602Z"
558,"1","vintage","2025-07-13T20:25:19.175788Z",553,"/data/upload/2/3cd96a71-fashion_44.jpg",2.709,"2025-07-13T20:25:19.175829Z"
559,"1","formal","2025-07-13T20:25:22.557638Z",554,"/data/upload/2/00e90e42-fashion_43.jpg",2.089,"2025-07-13T20:25:22.557670Z"
560,"1","casual","2025-07-13T20:25:57.825779Z",555,"/data/upload/2/53bfa8f2-fashion_42.jpg",34.273,"2025-07-13T20:25:57.825807Z"
561,"1","formal","2025-07-13T20:26:03.338471Z",556,"/data/upload/2/8570bab0-fashion_41.jpg",4.343,"2025-07-13T20:26:03.338502Z"
562,"1","streetwear","2025-07-13T20:26:07.049694Z",557,"/data/upload/2/b26a86ca-fashion_40.jpg",1.935,"2025-07-13T20:26:07.049721Z"
563,"1","casual","2025-07-13T20:26:11.303973Z",558,"/data/upload/2/3fc6f0c9-fashion_38.jpg",2.184,"2025-07-13T20:26:11.304007Z"
564,"1","formal","2025-07-13T20:26:14.693341Z",559,"/data/upload/2/2c988d4e-fashion_36.jpg",2.204,"2025-07-13T20:26:14.693377Z"
565,"1","vintage","2025-07-13T20:26:19.211026Z",560,"/data/upload/2/b063d4a5-fashion_35.jpg",2.929,"2025-07-13T20:26:19.211063Z"
566,"1","streetwear","2025-07-13T20:27:54.594126Z",561,"/data/upload/2/344e0172-fashion_34.jpg",6.996,"2025-07-13T20:27:54.594149Z"
567,"1","streetwear","2025-07-13T20:27:57.855808Z",562,"/data/upload/2/0b6b78ad-fashion_33.jpg",2.141,"2025-07-13T20:27:57.855834Z"
568,"1","formal","2025-07-13T20:28:01.658464Z",563,"/data/upload/2/76676f07-fashion_31.jpg",2.87,"2025-07-13T20:28:01.658497Z"
569,"1","vintage","2025-07-13T20:28:06.841034Z",564,"/data/upload/2/cd99e003-fashion_30.jpg",2.453,"2025-07-13T20:28:06.841069Z"
570,"1","streetwear","2025-07-13T20:28:10.379507Z",565,"/data/upload/2/1957376e-fashion_29.jpg",1.77,"2025-07-13T20:28:10.379549Z"
571,"1","casual","2025-07-13T20:28:14.190581Z",566,"/data/upload/2/e00f6aca-fashion_28.jpg",2.317,"2025-07-13T20:28:14.190606Z"
572,"1","casual","2025-07-13T20:28:17.554367Z",567,"/data/upload/2/01369cb7-fashion_27.jpg",2.38,"2025-07-13T20:28:17.554418Z"
573,"1","casual","2025-07-13T20:28:20.704017Z",568,"/data/upload/2/adf087fc-fashion_26.jpg",2.007,"2025-07-13T20:28:20.704046Z"
574,"1","streetwear","2025-07-13T20:28:25.107988Z",569,"/data/upload/2/25b3f600-fashion_23.jpg",3.221,"2025-07-13T20:28:25.108036Z"
575,"1","formal","2025-07-13T20:28:29.722994Z",570,"/data/upload/2/db83a9bf-fashion_21.jpg",2.792,"2025-07-13T20:28:29.723057Z"
576,"1","casual","2025-07-13T20:28:33.271422Z",571,"/data/upload/2/3f656ff2-fashion_20.jpg",2.422,"2025-07-13T20:28:33.271457Z"
577,"1","vintage","2025-07-13T20:28:36.463024Z",572,"/data/upload/2/5cb018f2-fashion_19.jpg",2.151,"2025-07-13T20:28:36.463065Z"
578,"1","","2025-07-13T20:29:32.301884Z",573,"/data/upload/2/97168d50-fashion_15.jpg",0.968,"2025-07-13T20:29:32.301920Z"
579,"1","streetwear","2025-07-13T20:29:36.515359Z",574,"/data/upload/2/320e7075-fashion_14.jpg",11.066,"2025-07-13T20:29:36.515390Z"
580,"1","vintage","2025-07-13T20:29:41.346707Z",575,"/data/upload/2/8ae6312f-fashion_13.jpg",3.615,"2025-07-13T20:29:41.346761Z"
59,"1","formal","2025-07-13T14:17:49.269874Z",576,"/data/upload/2/7852d3b5-fashion_12.jpg",2.451,"2025-07-13T14:17:49.269903Z"
58,"1","vintage","2025-07-13T14:17:45.731173Z",577,"/data/upload/2/f8379359-fashion_11.jpg",7.982,"2025-07-13T20:29:51.156141Z"
53,"1","formal","2025-07-13T14:15:52.688998Z",578,"/data/upload/2/2a743304-fashion_10.jpg",29.515,"2025-07-13T14:15:52.689030Z"
52,"1","formal","2025-07-13T14:15:22.180207Z",579,"/data/upload/2/72e679fe-fashion_8.jpg",2.754,"2025-07-13T14:15:22.180238Z"
57,"1","casual","2025-07-13T14:17:38.182934Z",580,"/data/upload/2/02e61e02-fashion_7.jpg",31.263,"2025-07-13T14:17:38.182963Z"
56,"1","formal","2025-07-13T14:17:05.913857Z",581,"/data/upload/2/8e2e1222-fashion_5.jpg",37.472,"2025-07-13T14:17:05.913889Z"
55,"1","formal","2025-07-13T14:16:00.091446Z",582,"/data/upload/2/30838853-fashion_4.jpg",3.047,"2025-07-13T14:16:00.091475Z"
54,"1","sporty","2025-07-13T14:15:56.007527Z",583,"/data/upload/2/f9110e7c-fashion_3.jpg",5.106,"2025-07-13T20:30:05.805318Z"
